2,2017-04-11,12:53:28,26,1,0
6,2017-04-11,13:53:28,26.7,1,0
10,2017-04-11,14:53:28,26.7,1,1
14,2017-04-11,15:53:28,26.8,1,1
18,2017-04-11,16:53:28,26.9,1,1
22,2017-04-11,17:53:28,27,1,1
26,2017-04-11,18:53:28,27,1,1
30,2017-04-11,19:53:28,27,1,1
34,2017-04-11,20:53:28,27.1,1,1
38,2017-04-11,21:53:28,27,1,1
42,2017-04-11,22:53:28,27,1,1
46,2017-04-11,23:53:28,27,1,1
50,2017-04-11,0:53:28,27,1,1
54,2017-04-11,1:53:28,26.9,1,1
58,2017-04-11,2:53:28,26.8,1,1
62,2017-04-11,3:53:28,26.8,1,1
66,2017-04-11,4:53:28,26.6,1,1
70,2017-04-11,5:53:28,26.7,1,1
74,2017-04-11,6:53:28,26.7,1,1
78,2017-04-11,7:53:28,26.6,1,1
82,2017-04-11,8:53:28,nan,1,1
86,2017-04-11,9:53:28,26.7,1,1
90,2017-04-11,10:53:28,26.7,1,1
94,2017-04-11,11:53:28,26.7,1,1
98,2017-04-11,12:53:28,26.7,1,1
102,2017-04-11,13:53:28,26.6,1,1
106,2017-04-11,14:53:28,26.3,1,1
110,2017-04-11,15:53:28,nan,1,1
114,2017-04-11,16:53:28,26.7,1,1
118,2017-04-11,17:53:28,26.8,1,1
122,2017-04-11,18:53:28,26.8,1,1
126,2017-04-11,19:53:28,26.8,1,1
130,2017-04-11,20:53:28,26.8,1,1
134,2017-04-11,21:53:28,26.9,1,1
138,2017-04-11,22:53:28,26.9,1,1
142,2017-04-11,23:53:28,26.9,1,1
146,2017-04-11,0:53:28,26.9,1,1
150,2017-04-11,1:53:28,26.9,1,1
154,2017-04-11,2:53:28,26.8,1,1
158,2017-04-11,3:53:28,26.8,1,1
162,2017-04-11,4:53:28,26.8,1,1
166,2017-04-11,5:53:28,26.8,1,1
170,2017-04-11,6:53:28,nan,1,1
174,2017-04-11,7:53:28,26.8,1,1
178,2017-04-11,8:53:28,26.8,1,1
182,2017-04-11,9:53:28,26.8,1,1
186,2017-04-11,10:53:28,26.8,1,1
190,2017-04-11,11:53:28,26.8,1,1
194,2017-04-11,12:53:28,26.8,1,1
198,2017-04-11,13:53:28,26.8,1,1
202,2017-04-11,14:53:28,26.8,1,1
206,2017-04-11,15:53:28,26.8,1,1
210,2017-04-11,16:53:28,26.7,0,1
214,2017-04-11,17:53:28,25.6,0,1
218,2017-04-11,18:53:28,25.5,1,1
222,2017-04-11,19:53:28,26,1,1
226,2017-04-11,20:53:28,26.1,1,1
230,2017-04-11,21:53:28,26.1,1,1
234,2017-04-12,22:53:28,nan,1,1
238,2017-04-12,23:53:28,nan,1,1
242,2017-04-12,0:53:28,nan,0,1
246,2017-04-12,1:53:28,25.8,0,1
250,2017-04-12,2:53:28,25.8,0,1
254,2017-04-12,3:53:28,25.6,0,1
258,2017-04-12,4:53:28,25.6,0,1
262,2017-04-12,5:53:28,25.6,0,1
266,2017-04-12,6:53:28,25.5,0,1
270,2017-04-12,7:53:28,25.5,0,1
274,2017-04-12,8:53:28,25.5,0,1
278,2017-04-12,9:53:28,25.5,0,1
282,2017-04-12,10:53:28,25.5,1,1
286,2017-04-12,11:53:28,nan,0,1
290,2017-04-12,12:53:28,24.8,0,1
294,2017-04-12,13:53:28,25.5,1,1
298,2017-04-12,14:53:28,nan,0,1
302,2017-04-12,15:53:28,25.8,0,1
306,2017-04-12,16:53:28,25.9,0,1
310,2017-04-12,17:53:28,25.9,1,1
314,2017-04-12,18:53:28,26.1,1,1
318,2017-04-12,19:53:28,26.2,1,1
322,2017-04-12,20:53:28,26.2,1,1
326,2017-04-12,21:53:28,26.3,1,1
330,2017-04-12,22:53:28,nan,1,1
334,2017-04-12,23:53:28,26.3,1,1
338,2017-04-12,0:53:28,26.2,1,1
342,2017-04-12,1:53:28,26.3,1,1
346,2017-04-12,2:53:28,26.3,1,1
350,2017-04-12,3:53:28,26.3,1,1
354,2017-04-12,4:53:28,26.4,1,1
358,2017-04-12,5:53:28,26.2,1,1
362,2017-04-12,6:53:28,26.4,1,1
366,2017-04-12,7:53:28,nan,1,1
370,2017-04-12,8:53:28,26.4,1,1
374,2017-04-12,9:53:28,26.5,1,1
378,2017-04-12,10:53:28,26.5,1,1
382,2017-04-12,11:53:28,26.5,1,1
386,2017-04-12,12:53:28,nan,1,1
390,2017-04-12,13:53:28,26.3,1,1
394,2017-04-12,14:53:28,26.3,1,1
398,2017-04-12,15:53:28,26.3,1,1
402,2017-04-12,16:53:28,26.3,1,1
406,2017-04-12,17:53:28,26.1,1,1
410,2017-04-12,18:53:28,26.1,1,1
414,2017-04-12,19:53:28,26.1,1,1
418,2017-04-12,20:53:28,28.3,1,1
422,2017-04-12,21:53:28,26.1,1,1
426,2017-04-12,22:53:28,26.1,1,1
430,2017-04-12,23:53:28,26.1,1,1
434,2017-04-12,0:53:28,nan,1,1
438,2017-04-12,1:53:28,26.2,1,1
442,2017-04-12,2:53:28,26.2,1,1
446,2017-04-12,3:53:28,26.2,1,1
450,2017-04-12,4:53:28,26.2,0,1
454,2017-04-12,5:53:28,20.8,1,1
458,2017-04-12,6:53:28,26.2,1,1
462,2017-04-12,7:53:28,26.2,1,1
466,2017-04-12,8:53:28,26.3,1,1
470,2017-04-12,9:53:28,26.3,1,1
474,2017-04-12,10:53:28,26.2,1,1
478,2017-04-12,11:53:28,nan,1,1
482,2017-04-12,12:53:28,26.2,1,1
486,2017-04-12,13:53:28,nan,0,1
490,2017-04-12,14:53:28,25.7,1,1
494,2017-04-12,15:53:28,nan,0,1
498,2017-04-12,16:53:28,22.4,1,1
502,2017-04-12,17:53:28,26.2,1,1
506,2017-04-12,18:53:28,26.1,1,1
510,2017-04-12,19:53:28,26.1,1,1
514,2017-04-12,20:53:28,26.1,1,1
518,2017-04-12,21:53:28,26.1,1,1
522,2017-04-12,22:53:28,26.1,1,1
526,2017-04-12,23:53:28,26.1,1,1
530,2017-04-12,0:53:28,nan,1,1
534,2017-04-12,1:53:28,nan,1,1
538,2017-04-13,2:53:28,26.1,1,1
542,2017-04-13,3:53:28,26.1,1,1
546,2017-04-13,4:53:28,26.1,1,1
550,2017-04-13,5:53:28,26.1,1,1
554,2017-04-13,6:53:28,26.1,1,1
558,2017-04-13,7:53:28,26,1,1
562,2017-04-13,8:53:28,26,1,1
566,2017-04-13,9:53:28,26,1,1
570,2017-04-13,10:53:28,26,1,1
574,2017-04-13,11:53:28,26,1,1
578,2017-04-13,12:53:28,26,1,1
582,2017-04-13,13:53:28,26,0,1
586,2017-04-13,14:53:28,25.9,1,1
590,2017-04-13,15:53:28,26,0,1
594,2017-04-13,16:53:28,25.8,0,1
598,2017-04-13,17:53:28,25.7,0,1
602,2017-04-13,18:53:28,25.4,0,1
606,2017-04-13,19:53:28,25.3,0,1
610,2017-04-13,20:53:28,25.4,0,1
614,2017-04-13,21:53:28,25.4,0,1
618,2017-04-13,22:53:28,25.6,0,1
622,2017-04-13,23:53:28,25.8,0,1
626,2017-04-13,0:53:28,25.9,0,1
630,2017-04-13,1:53:28,25.6,1,0
634,2017-04-13,2:53:28,26,1,0
638,2017-04-13,3:53:28,26.1,1,0
642,2017-04-13,4:53:28,26,1,1
646,2017-04-13,5:53:28,nan,1,1
650,2017-04-13,6:53:28,nan,1,1
654,2017-04-13,7:53:28,26.1,1,1
658,2017-04-13,8:53:28,26.2,1,1
662,2017-04-13,9:53:28,26.3,1,1
666,2017-04-13,10:53:28,26.3,1,1
670,2017-04-13,11:53:28,26.2,1,1
674,2017-04-13,12:53:28,26.2,1,1
678,2017-04-13,13:53:28,26.2,1,1
682,2017-04-13,14:53:28,26.2,1,1
686,2017-04-13,15:53:28,nan,1,1
690,2017-04-13,16:53:28,26.2,1,1
694,2017-04-13,17:53:28,26.1,1,1
698,2017-04-13,18:53:28,26.1,1,1
702,2017-04-13,19:53:28,26.1,1,1
706,2017-04-13,20:53:28,26.1,1,1
710,2017-04-13,21:53:28,26.1,1,1
714,2017-04-13,22:53:28,26.1,1,1
718,2017-04-13,23:53:28,26.1,1,1
722,2017-04-13,0:53:28,26.1,1,1
726,2017-04-13,1:53:28,26.1,1,1
730,2017-04-13,2:53:28,26.1,1,1
734,2017-04-13,3:53:28,26.1,1,1
738,2017-04-13,4:53:28,26.1,1,1
742,2017-04-13,5:53:28,26.1,1,1
746,2017-04-13,6:53:28,26.1,1,1
750,2017-04-13,7:53:28,26.1,1,1
754,2017-04-13,8:53:28,nan,1,1
758,2017-04-13,9:53:28,26.1,1,1
762,2017-04-13,10:53:28,26.1,1,1
766,2017-04-13,11:53:28,26.1,1,1
770,2017-04-13,12:53:28,26.1,1,1
774,2017-04-13,13:53:28,26.1,1,1
778,2017-04-13,14:53:28,26.1,0,1
782,2017-04-14,15:53:28,24,0,1
786,2017-04-14,16:53:28,24,0,1
790,2017-04-14,17:53:28,24.2,0,1
794,2017-04-14,18:53:28,25.7,0,1
798,2017-04-14,19:53:28,25.8,0,1
802,2017-04-14,20:53:28,25.9,1,1
806,2017-04-14,21:53:28,26.4,1,1
810,2017-04-14,22:53:28,26.5,1,1
814,2017-04-14,23:53:28,26.7,1,1
818,2017-04-14,0:53:28,26.7,1,1
822,2017-04-14,1:53:28,nan,1,1
826,2017-04-14,2:53:28,26.9,1,1
830,2017-04-14,3:53:28,27,1,1
834,2017-04-14,4:53:28,27.1,1,1
838,2017-04-14,5:53:28,27.1,1,1
842,2017-04-14,6:53:28,27.1,1,1
846,2017-04-14,7:53:28,26.7,1,1
850,2017-04-14,8:53:28,26.5,1,1
854,2017-04-14,9:53:28,26.4,1,1
858,2017-04-14,10:53:28,26.4,1,1
862,2017-04-14,11:53:28,nan,1,1
866,2017-04-14,12:53:28,26.4,0,1
870,2017-04-14,13:53:28,25.9,1,1
874,2017-04-14,14:53:28,26.3,1,1
878,2017-04-14,15:53:28,26.6,1,1
882,2017-04-14,16:53:28,26.7,1,1
886,2017-04-14,17:53:28,nan,1,1
890,2017-04-14,18:53:28,26.8,1,1
894,2017-04-14,19:53:28,26.9,1,1
898,2017-04-14,20:53:28,26.9,1,1
902,2017-04-14,21:53:28,27,1,1
906,2017-04-14,22:53:28,27,1,1
910,2017-04-14,23:53:28,26.9,1,1
914,2017-04-14,0:53:28,26.9,1,1
918,2017-04-14,1:53:28,27,1,1
922,2017-04-14,2:53:28,27,1,1
928,2017-04-15,3:53:28,26.8,1,1
932,2017-04-15,4:53:28,nan,0,1
936,2017-04-15,5:53:28,25.9,0,1
940,2017-04-15,6:53:28,25.5,0,1
944,2017-04-15,7:53:28,25.1,0,1
948,2017-04-15,8:53:28,25,0,1
952,2017-04-15,9:53:28,24.9,0,1
956,2017-04-15,10:53:28,24.8,0,1
960,2017-04-15,11:53:28,24.8,1,1
964,2017-04-15,12:53:28,nan,0,1
968,2017-04-15,13:53:28,25.6,1,1
972,2017-04-15,14:53:28,26,1,0
976,2017-04-15,15:53:28,26.4,1,1
980,2017-04-15,16:53:28,26.9,1,1
984,2017-04-15,17:53:28,26.7,1,1
988,2017-04-15,18:53:28,26.5,1,1
992,2017-04-15,19:53:28,26.5,1,1
996,2017-04-15,20:53:28,26.5,0,1
1000,2017-04-15,21:53:28,25.8,0,1
1004,2017-04-15,22:53:28,25.5,0,1
1008,2017-04-15,23:53:28,25.8,0,1
1012,2017-04-15,0:53:28,25.4,1,1
1016,2017-04-15,1:53:28,26,0,1
1020,2017-04-15,2:53:28,25.9,1,1
1024,2017-04-16,3:53:28,nan,1,1
1028,2017-04-16,4:53:28,nan,0,1
1032,2017-04-16,5:53:28,25.5,0,1
1036,2017-04-16,6:53:28,25.5,0,1
1040,2017-04-16,7:53:28,25.5,0,1
1044,2017-04-16,8:53:28,25.3,0,1
1048,2017-04-16,9:53:28,25.3,1,0
1052,2017-04-16,10:53:28,nan,1,0
1056,2017-04-16,11:53:28,nan,0,1
1060,2017-04-16,12:53:28,25,0,1
1064,2017-04-16,13:53:28,25,1,1
1068,2017-04-16,14:53:28,nan,0,1
1072,2017-04-16,15:53:28,24.6,0,1
1076,2017-04-16,16:53:28,24.5,1,1
1080,2017-04-16,17:53:28,26.2,1,1
1084,2017-04-16,18:53:28,26.6,1,1
1088,2017-04-16,19:53:28,26.7,1,1
1092,2017-04-16,20:53:28,27,1,0
1096,2017-04-16,21:53:28,27.3,1,0
1100,2017-04-16,22:53:28,27.5,1,1
1104,2017-04-16,23:53:28,27.4,1,1
1108,2017-04-16,0:53:28,27.4,1,1
1112,2017-04-16,1:53:28,27.4,1,1
1116,2017-04-16,2:53:28,27.4,1,1
1120,2017-04-16,3:53:28,27.3,1,1
1124,2017-04-16,4:53:28,27,1,1
1128,2017-04-16,5:53:28,26.8,1,1
1132,2017-04-16,6:53:28,26.7,1,1
1136,2017-04-16,7:53:28,26.7,1,1
1140,2017-04-16,8:53:28,26.7,1,1
1144,2017-04-16,9:53:28,nan,1,1
1148,2017-04-16,10:53:28,26.6,1,0
1152,2017-04-16,11:53:28,26.6,1,1
1156,2017-04-16,12:53:28,26.6,1,1
1160,2017-04-16,13:53:28,26.5,1,1
1164,2017-04-16,14:53:28,nan,1,1
1168,2017-04-17,15:53:28,26.2,0,1
1172,2017-04-17,16:53:28,25.9,0,1
1176,2017-04-17,17:53:28,25.9,1,1
1180,2017-04-17,18:53:28,nan,0,1
1184,2017-04-17,19:53:28,25.5,1,1
1188,2017-04-17,20:53:28,nan,0,1
1192,2017-04-17,21:53:28,25,0,1
1196,2017-04-17,22:53:28,24.9,0,1
1200,2017-04-17,23:53:28,24.6,0,1
1204,2017-04-17,0:53:28,24.5,0,1
1208,2017-04-17,1:53:28,24.5,0,1
1212,2017-04-17,2:53:28,24.6,0,1
1216,2017-04-17,3:53:28,24.6,0,1
1220,2017-04-17,4:53:28,24.8,0,1
1224,2017-04-17,5:53:28,24.8,0,1
1228,2017-04-17,6:53:28,24.9,0,1
1232,2017-04-17,7:53:28,24.9,0,1
1236,2017-04-17,8:53:28,25.8,1,1
1240,2017-04-17,9:53:28,nan,1,1
1244,2017-04-17,10:53:28,26,1,1
1248,2017-04-17,11:53:28,nan,1,1
1252,2017-04-17,12:53:28,nan,1,1
1256,2017-04-17,13:53:28,26,1,1
1260,2017-04-17,14:53:28,26.1,1,1
1264,2017-04-17,15:53:28,26.1,1,1
1268,2017-04-17,16:53:28,26.2,1,1
1272,2017-04-17,17:53:28,26.2,1,1
1276,2017-04-17,18:53:28,26.2,1,1
1280,2017-04-17,19:53:28,26.4,1,1
1284,2017-04-17,20:53:28,26.4,1,1
1288,2017-04-17,21:53:28,26.4,1,1
1292,2017-04-17,22:53:28,26.4,1,1
1296,2017-04-17,23:53:28,26.4,1,1
1300,2017-04-17,1:18:00,26.5,1,1
1304,2017-04-17,1:23:18,26.5,1,1
1308,2017-04-17,1:28:35,nan,1,1
1312,2017-04-17,7:00:30,26.9,1,1
1316,2017-04-17,7:11:17,nan,1,0
1320,2017-04-17,7:22:04,26.9,1,0
1324,2017-04-17,8:34:58,26.8,1,0
1328,2017-04-17,8:45:33,26.8,1,0
1332,2017-04-17,9:26:40,26.8,1,0
1336,2017-04-17,10:12:22,26.7,1,0
1340,2017-04-17,10:47:57,26.6,1,0
1344,2017-04-18,12:20:21,26.3,1,0
1348,2017-04-18,12:51:17,26.1,0,0
1352,2017-04-18,8:14:19,24.7,0,0
1356,2017-04-18,8:29:54,24.8,0,0
1360,2017-04-18,8:55:17,24.9,0,0
1364,2017-04-18,9:00:40,24.9,0,0
1368,2017-04-18,9:06:02,24.9,0,0
1372,2017-04-18,9:11:27,25,0,0
1376,2017-04-18,9:16:49,24.9,0,0
1380,2017-04-18,9:22:11,25,0,0
1384,2017-04-18,9:27:34,25,0,0
1388,2017-04-18,9:32:57,25,0,0
1392,2017-04-18,9:38:19,25,0,0
1396,2017-04-18,9:43:42,25,0,0
1400,2017-04-18,9:49:07,25,0,0
1404,2017-04-18,9:54:32,25.1,0,0
1408,2017-04-18,9:59:56,25.1,1,0
1412,2017-04-18,10:05:20,nan,0,0
1416,2017-04-18,10:10:46,25.2,1,0
1420,2017-04-18,10:16:11,nan,1,1
1424,2017-04-18,10:21:37,nan,0,1
1428,2017-04-18,10:27:01,25.1,0,1
1432,2017-04-18,10:32:25,25.1,0,1
1436,2017-04-18,10:37:48,25.2,0,1
1440,2017-04-18,11:01:07,25.3,1,1
1444,2017-04-18,11:06:31,26.1,0,0
1448,2017-04-18,11:11:57,25.1,0,1
1452,2017-04-18,11:17:20,25,1,1
1456,2017-04-18,11:22:41,nan,0,1
1460,2017-04-18,11:28:02,25.1,0,1
1464,2017-04-18,11:33:23,25.1,0,1
1468,2017-04-18,11:38:45,25.2,0,1
1472,2017-04-18,11:44:10,25.3,0,1
1476,2017-04-18,11:49:33,25.3,1,1
1480,2017-04-18,11:54:57,nan,0,1
1484,2017-04-18,12:00:19,25.5,0,1
1488,2017-04-18,12:05:41,25.5,0,1
1492,2017-04-18,12:11:01,25.6,0,1
1496,2017-04-18,12:16:22,25.6,0,1
1500,2017-04-18,12:21:43,25.6,0,1
1504,2017-04-18,12:27:03,25.5,0,1
1508,2017-04-18,12:32:25,25.7,0,1
1512,2017-04-18,12:37:46,25.8,0,1
1516,2017-04-18,12:43:06,25.8,0,1
1520,2017-04-18,12:48:26,25.9,0,1
1524,2017-04-18,12:53:48,25.9,1,1
1528,2017-04-18,12:59:08,26,1,1
1532,2017-04-18,1:04:28,26,1,1
1536,2017-04-18,1:09:51,26.1,1,1
1540,2017-04-18,1:15:12,nan,1,1
1544,2017-04-18,1:20:33,26.1,1,1
1548,2017-04-18,1:25:55,26.2,1,1
1552,2017-04-18,1:31:17,nan,1,1
1556,2017-04-18,1:36:39,nan,1,1
1560,2017-04-18,1:42:01,26.3,1,1
1564,2017-04-18,1:47:22,26.3,1,1
1568,2017-04-18,1:52:45,26.3,1,1
1572,2017-04-18,1:58:05,26.4,1,1
1576,2017-04-18,2:03:29,26.4,1,1
1580,2017-04-18,2:08:50,26.4,1,1
1584,2017-04-18,2:14:11,26.5,1,1
1588,2017-04-18,2:19:33,26.5,1,1
1592,2017-04-18,2:24:54,26.5,1,1
1596,2017-04-18,2:30:16,26.5,1,1
1600,2017-04-18,2:35:43,26.6,1,1
1604,2017-04-18,2:41:05,26.6,1,1
1608,2017-04-18,2:46:28,26.6,1,1
1612,2017-04-18,2:51:51,26.6,1,1
1616,2017-04-18,2:57:14,nan,1,1
1620,2017-04-18,3:02:38,26.7,1,0
1624,2017-04-18,3:08:03,26.7,1,0
1628,2017-04-18,3:13:27,26.8,1,1
1632,2017-04-18,3:18:50,26.8,1,1
1636,2017-04-18,3:24:13,nan,1,1
1640,2017-04-18,3:29:37,26.8,1,1
1644,2017-04-18,3:34:59,nan,1,1
1648,2017-04-18,3:40:20,nan,1,1
1652,2017-04-18,3:45:42,26.7,1,1
1656,2017-04-18,3:49:46,26.6,1,1
1660,2017-04-18,3:55:07,26.6,1,0
1664,2017-04-18,4:00:29,26.7,1,1
1668,2017-04-18,4:05:53,26.7,1,1
1672,2017-04-18,4:11:17,26.7,1,1
1676,2017-04-18,4:16:42,26.7,1,1
1680,2017-04-18,4:22:09,26.6,1,1
1684,2017-04-18,4:27:32,26.6,1,1
1688,2017-04-18,4:32:53,26.6,1,1
1692,2017-04-18,4:38:15,26.6,1,1
1696,2017-04-18,4:43:39,nan,1,1
1700,2017-04-18,4:49:05,26.6,1,1
1704,2017-04-18,4:54:31,26.6,1,1
1708,2017-04-18,5:00:18,26.6,1,1
1712,2017-04-18,5:05:42,26.7,1,1
1716,2017-04-18,5:11:27,26.7,1,1
1720,2017-04-18,5:26:57,nan,1,1
1724,2017-04-18,6:14:21,26.6,1,0
1728,2017-04-18,6:35:28,26.6,1,0
1732,2017-04-18,6:45:57,26.5,1,0
1736,2017-04-18,7:02:10,nan,1,0
1740,2017-04-18,7:48:07,26.5,1,0
1744,2017-04-18,7:53:26,26.5,1,0
1748,2017-04-18,8:04:32,26.4,1,1
1752,2017-04-18,8:14:53,26.4,1,0
1756,2017-04-18,8:20:13,26.4,1,0
1760,2017-04-18,8:36:10,26.4,1,0
1764,2017-04-18,8:41:30,26.4,1,0
1768,2017-04-18,8:46:52,26.4,1,1
1772,2017-04-18,9:07:25,nan,1,0
1776,2017-04-18,9:18:11,26.4,1,0
1780,2017-04-18,9:23:30,26.4,1,0
1784,2017-04-18,9:33:49,26.3,1,1
1788,2017-04-18,9:39:09,26.3,1,0
1792,2017-04-18,9:44:29,nan,1,1
1796,2017-04-18,9:49:55,26.3,1,0
1800,2017-04-18,9:55:15,nan,1,0
1804,2017-04-18,10:00:35,26.3,1,0
1808,2017-04-18,10:05:54,26.2,1,1
1812,2017-04-18,10:11:15,26.3,1,0
1816,2017-04-18,10:16:33,26.3,1,1
1820,2017-04-18,10:21:53,nan,1,1
1824,2017-04-18,10:27:13,26.3,1,1
1828,2017-04-18,10:32:36,26.2,1,0
1832,2017-04-18,10:38:00,26.2,1,0
1836,2017-04-18,10:43:19,26.2,1,0
1840,2017-04-18,11:28:47,nan,1,1
1844,2017-04-18,11:39:18,26.1,1,0
1848,2017-04-19,12:00:03,26.1,0,0
1852,2017-04-19,1:06:09,25.9,0,0
1856,2017-04-19,1:11:44,25.9,0,0
1860,2017-04-19,1:17:15,25.9,0,0
1864,2017-04-19,2:03:21,25.8,0,1
1868,2017-04-19,2:39:25,25.7,0,1
1872,2017-04-19,2:44:48,25.6,0,1
1876,2017-04-19,4:06:09,25.5,1,1
1880,2017-04-19,4:16:24,nan,0,1
1884,2017-04-19,7:03:27,25.2,0,1
1888,2017-04-19,7:54:14,25,0,1
1892,2017-04-19,7:59:37,25,0,1
1896,2017-04-19,8:04:58,25,0,1
1900,2017-04-19,8:16:18,25.1,0,1
1904,2017-04-19,8:21:42,25.1,0,1
1908,2017-04-19,8:27:05,25.1,0,1
1912,2017-04-19,8:32:30,25.1,0,1
1916,2017-04-19,8:37:54,25.2,0,1
1920,2017-04-19,8:43:17,25.2,0,1
1924,2017-04-19,8:48:39,25.3,0,1
1928,2017-04-19,8:54:02,25.3,0,1
1932,2017-04-19,8:59:26,25.3,0,1
1936,2017-04-19,9:04:49,25.3,0,1
1940,2017-04-19,9:10:11,25.3,0,1
1944,2017-04-19,9:15:32,25.3,0,1
1948,2017-04-19,9:57:22,25.3,0,1
1952,2017-04-19,10:02:43,25.6,0,1
1956,2017-04-19,10:08:04,25.6,0,1
1960,2017-04-19,10:13:30,25.7,0,1
1964,2017-04-19,10:18:57,25.7,0,1
1968,2017-04-19,10:24:23,25.7,0,1
1972,2017-04-19,10:29:49,25.7,0,1
1976,2017-04-19,10:35:18,25.8,0,1
1980,2017-04-19,10:40:48,25.8,0,1
1984,2017-04-19,10:46:16,25.8,0,1
1988,2017-04-19,10:51:44,25.8,0,1
1992,2017-04-19,10:57:12,25.9,0,1
1996,2017-04-19,11:02:39,25.9,0,1
2000,2017-04-19,11:08:07,25.9,0,1
2004,2017-04-19,11:13:35,25.9,1,1
2008,2017-04-19,11:19:04,26,1,1
2012,2017-04-19,11:24:33,26,1,1
2016,2017-04-19,11:30:01,26,1,1
2020,2017-04-19,11:35:27,26.1,1,1
2024,2017-04-19,11:40:54,26.1,1,1
2028,2017-04-19,11:46:25,26.1,1,1
2032,2017-04-19,11:51:54,26.1,1,1
2036,2017-04-19,11:57:22,26.1,1,1
2040,2017-04-19,12:02:51,26.2,1,1
2044,2017-04-19,12:08:17,26.2,1,1
2048,2017-04-19,12:13:42,26.2,1,1
2052,2017-04-19,12:19:12,26.3,1,1
2056,2017-04-19,12:24:41,26.3,1,1
2060,2017-04-19,12:30:11,26.4,1,1
2064,2017-04-19,12:35:39,26.4,1,1
2068,2017-04-19,12:41:10,26.4,1,1
2072,2017-04-19,12:46:39,26.4,1,1
2076,2017-04-19,12:52:13,26.5,1,1
2080,2017-04-19,12:57:43,26.6,1,1
2084,2017-04-19,1:03:13,26.6,1,1
2088,2017-04-19,1:08:42,26.6,1,1
2092,2017-04-19,1:14:12,26.6,1,1
2096,2017-04-19,1:19:41,26.7,1,1
2100,2017-04-19,1:25:09,26.7,1,1
2104,2017-04-19,1:30:38,26.8,1,1
2108,2017-04-19,1:36:06,26.8,1,1
2112,2017-04-19,1:41:34,26.8,1,1
2116,2017-04-19,1:47:02,26.8,1,1
2120,2017-04-19,1:52:30,26.8,1,1
2124,2017-04-19,1:58:00,26.8,1,1
2128,2017-04-19,2:03:30,26.9,1,1
2132,2017-04-19,2:08:57,26.9,1,1
2136,2017-04-19,2:14:28,26.9,1,1
2140,2017-04-19,2:19:55,27,1,1
2144,2017-04-19,2:25:24,27,1,1
2148,2017-04-19,2:30:51,27.1,1,1
2152,2017-04-19,2:36:20,27.2,1,1
2156,2017-04-19,2:41:46,27.2,1,1
2160,2017-04-19,2:47:14,27.2,1,1
2164,2017-04-19,2:52:41,27.2,1,1
2168,2017-04-19,2:58:12,27.2,1,1
2172,2017-04-19,3:03:39,27.2,1,1
2176,2017-04-19,3:09:07,27.3,1,1
2180,2017-04-19,3:14:33,27.3,1,1
2184,2017-04-19,3:20:01,27.3,1,1
2188,2017-04-19,3:25:29,27.3,1,1
2192,2017-04-19,3:30:56,27.3,1,1
2196,2017-04-19,3:36:26,27.3,1,1
2200,2017-04-19,3:41:53,27.3,1,1
2204,2017-04-19,3:47:22,27.4,1,1
2208,2017-04-19,3:52:52,27.4,1,1
2212,2017-04-19,3:58:22,27.4,1,1
2216,2017-04-19,4:03:48,27.4,1,1
2220,2017-04-19,4:09:15,27.4,1,1
2224,2017-04-19,4:14:43,27.4,1,1
2228,2017-04-19,4:20:09,27.4,1,1
2232,2017-04-19,4:25:35,27.4,1,1
2236,2017-04-19,4:31:01,27.5,1,1
2240,2017-04-19,4:36:27,27.5,1,1
2244,2017-04-19,4:41:55,27.5,1,1
2248,2017-04-19,4:47:25,27.4,1,1
2252,2017-04-19,4:52:54,27.4,1,1
2256,2017-04-19,4:58:20,27.4,1,1
2260,2017-04-19,5:03:48,27.4,1,1
2264,2017-04-19,5:09:16,27.4,1,1
2268,2017-04-19,5:14:43,27.4,1,1
2272,2017-04-19,5:20:11,27.4,1,1
2276,2017-04-19,5:25:38,27.4,1,1
2280,2017-04-19,5:31:05,27.4,1,1
2284,2017-04-19,5:36:32,27.4,1,1
2288,2017-04-19,5:42:00,27.4,1,1
2292,2017-04-19,5:47:27,27.3,1,1
2296,2017-04-19,5:52:55,27.3,1,1
2300,2017-04-19,5:58:28,27.3,1,1
2304,2017-04-19,6:03:55,27.3,1,1
2308,2017-04-19,6:09:22,27.2,1,1
2312,2017-04-19,6:14:51,27.2,1,1
2316,2017-04-19,6:20:18,27.2,1,1
2320,2017-04-19,6:25:45,27.2,1,1
2324,2017-04-19,6:31:15,27.2,1,1
2328,2017-04-19,6:36:45,27.2,1,1
2332,2017-04-19,6:42:14,27.2,1,1
2336,2017-04-19,6:47:44,27.2,1,1
2340,2017-04-19,6:53:13,27.2,1,1
2344,2017-04-19,6:58:42,27.2,1,1
2348,2017-04-19,7:04:11,27.2,1,1
2352,2017-04-19,7:09:45,27.1,1,1
2356,2017-04-19,7:15:18,nan,1,0
2360,2017-04-19,7:20:52,27,1,1
2364,2017-04-19,7:26:21,27.1,1,1
2368,2017-04-19,7:31:49,27,1,1
2372,2017-04-19,7:37:18,26.9,1,1
2376,2017-04-19,7:42:46,26.9,1,1
2380,2017-04-19,7:48:14,26.9,1,1
2384,2017-04-19,7:53:48,26.9,1,1
2387,2017-04-19,8:12:03,26.9,1,0
2391,2017-04-19,8:17:31,26.9,1,1
2395,2017-04-19,8:23:00,26.9,1,1
2399,2017-04-19,8:28:28,26.9,1,1
2403,2017-04-19,8:33:55,26.9,1,1
2407,2017-04-19,8:39:23,26.9,1,1
2411,2017-04-19,8:44:55,26.9,1,1
2415,2017-04-19,8:50:30,26.8,1,1
2419,2017-04-19,8:56:08,nan,1,0
2423,2017-04-19,9:01:40,26.8,1,0
2427,2017-04-19,9:07:12,26.8,1,1
2431,2017-04-19,9:12:42,26.8,1,1
2435,2017-04-19,9:18:14,26.8,1,1
2439,2017-04-19,9:23:45,26.8,1,1
2443,2017-04-19,9:29:18,26.8,1,1
2447,2017-04-19,9:34:52,26.8,1,1
2451,2017-04-19,9:40:23,26.8,1,1
2455,2017-04-19,9:45:55,26.8,1,1
2459,2017-04-19,9:51:28,26.8,1,1
2463,2017-04-19,9:57:00,26.8,1,1
2467,2017-04-19,10:02:32,26.8,1,1
2471,2017-04-19,10:08:02,26.8,1,1
2475,2017-04-19,10:13:32,26.8,1,1
2479,2017-04-19,10:19:01,26.8,1,1
2483,2017-04-19,10:24:33,26.7,1,1
2487,2017-04-19,10:30:04,26.7,1,1
2491,2017-04-19,10:35:35,26.7,1,1
2495,2017-04-19,10:41:05,26.7,1,1
2499,2017-04-19,10:46:35,26.7,1,1
2503,2017-04-19,10:52:09,26.7,1,1
2507,2017-04-19,10:57:38,26.6,1,1
2511,2017-04-19,11:03:09,26.6,1,1
2515,2017-04-19,11:08:41,26.6,1,1
2519,2017-04-19,11:14:13,26.6,1,1
2521,2017-04-19,11:20:04,26.6,1,1
2525,2017-04-19,11:25:36,nan,1,1
2529,2017-04-19,11:31:08,26.6,1,1
2533,2017-04-19,11:36:36,26.5,0,1
2537,2017-04-20,7:05:03,25.3,0,1
2541,2017-04-20,7:55:37,25.2,0,1
2545,2017-04-20,8:00:54,25.2,0,1
2549,2017-04-20,8:24:00,25.3,0,1
2553,2017-04-20,8:29:18,25.3,0,1
2557,2017-04-20,8:34:37,25.3,0,1
2561,2017-04-20,8:39:53,25.3,0,1
2565,2017-04-20,8:45:12,25.3,1,1
2569,2017-04-20,8:50:29,nan,0,1
2573,2017-04-20,8:55:47,25.4,0,1
2577,2017-04-20,9:01:04,25.4,0,1
2581,2017-04-20,9:06:21,25.5,0,1
2585,2017-04-20,9:11:39,25.5,0,1
2589,2017-04-20,9:16:58,25.5,0,1
2593,2017-04-20,9:22:15,25.5,1,1
2597,2017-04-20,9:27:33,nan,0,1
2601,2017-04-20,9:32:51,25.6,0,1
2605,2017-04-20,9:38:09,25.6,0,1
2609,2017-04-20,9:43:27,25.6,0,1
2613,2017-04-20,9:48:44,25.6,0,1
2617,2017-04-20,9:54:01,25.6,0,1
2621,2017-04-20,9:59:19,25.6,0,1
2625,2017-04-20,10:04:36,25.7,0,1
2629,2017-04-20,10:09:54,25.8,1,1
2633,2017-04-20,2:12:41,nan,1,1
2637,2017-04-20,2:17:58,27,1,1
2641,2017-04-20,2:23:16,27,1,1
2645,2017-04-20,2:28:33,26.9,1,1
2649,2017-04-20,2:33:52,26.9,1,1
2653,2017-04-20,2:39:11,26.9,1,1
2657,2017-04-20,2:44:30,26.9,1,1
2661,2017-04-20,2:49:49,27,1,1
2665,2017-04-20,2:55:07,27,1,1
2669,2017-04-20,3:00:24,27,1,1
2673,2017-04-20,3:05:41,27.1,1,1
2677,2017-04-20,3:10:59,27.1,1,1
2681,2017-04-20,4:03:45,27.3,1,1
2685,2017-04-20,4:09:02,27.4,1,1
2689,2017-04-20,4:14:20,27.4,1,1
2693,2017-04-20,4:19:38,27.4,1,1
2697,2017-04-20,4:24:57,27.3,1,1
2701,2017-04-20,4:30:15,27.3,1,1
2705,2017-04-20,4:35:33,27.3,1,1
2709,2017-04-20,4:40:51,27.3,1,1
2713,2017-04-20,4:46:10,27.4,1,1
2717,2017-04-20,4:51:28,27.4,1,1
2721,2017-04-20,4:56:47,27.5,1,1
2725,2017-04-20,5:02:05,27.5,1,1
2729,2017-04-20,5:07:25,27.5,1,1
2733,2017-04-20,5:12:43,27.5,1,1
2737,2017-04-20,5:18:00,27.5,1,1
2741,2017-04-20,5:35:12,27.4,1,1
2745,2017-04-20,5:40:29,27.3,1,1
2749,2017-04-20,5:45:48,27.2,1,1
2753,2017-04-20,5:51:07,27.1,1,1
2757,2017-04-20,5:56:27,27,1,1
2761,2017-04-20,6:01:45,27,1,1
2765,2017-04-20,6:07:04,27,1,1
2769,2017-04-20,6:12:24,27,1,1
2773,2017-04-20,6:17:46,26.9,1,1
2777,2017-04-20,6:23:04,26.9,1,1
2781,2017-04-20,6:28:24,26.9,1,1
2785,2017-04-20,6:33:43,nan,1,1
2789,2017-04-20,6:39:01,26.8,1,1
2793,2017-04-20,6:44:21,nan,1,1
2797,2017-04-20,6:49:39,26.8,1,1
2801,2017-04-20,6:54:58,26.7,1,1
2805,2017-04-20,7:10:46,nan,1,1
2809,2017-04-20,7:52:10,26.6,1,1
2813,2017-04-20,8:07:35,26.7,1,1
2817,2017-04-20,8:43:12,26.4,1,1
2821,2017-04-20,8:49:06,26.4,1,1
2825,2017-04-20,8:54:26,26.4,1,1
2829,2017-04-20,8:59:57,26.4,1,1
2833,2017-04-20,9:05:22,26.4,1,1
2837,2017-04-20,9:10:47,26.4,1,1
2841,2017-04-20,9:16:12,26.5,1,1
2845,2017-04-20,9:21:39,26.5,1,1
2849,2017-04-20,9:27:02,26.5,1,1
2853,2017-04-20,9:32:27,26.5,1,1
2857,2017-04-20,9:37:51,26.5,1,1
2861,2017-04-20,9:43:19,26.5,1,1
2865,2017-04-20,9:48:45,26.5,1,1
2869,2017-04-20,9:54:13,26.4,1,1
2873,2017-04-20,9:59:40,26.5,1,1
2877,2017-04-20,10:05:06,26.4,1,1
2881,2017-04-20,10:10:31,26.4,1,1
2885,2017-04-20,10:15:54,26.4,1,1
2889,2017-04-20,10:21:15,26.4,1,1
2893,2017-04-20,10:26:41,26.4,1,1
2897,2017-04-20,10:32:07,26.3,1,1
2901,2017-04-20,10:37:33,26.3,1,1
2905,2017-04-20,10:42:59,26.3,0,1
2909,2017-04-21,7:46:53,24.7,0,1
2913,2017-04-21,7:52:18,24.7,0,1
2917,2017-04-21,7:57:44,24.7,0,1
2921,2017-04-21,8:32:48,24.9,0,1
2925,2017-04-21,8:38:08,25,0,1
2929,2017-04-21,8:43:29,25,0,1
2933,2017-04-21,8:48:48,25,0,1
2937,2017-04-21,8:54:09,25,0,1
2941,2017-04-21,8:59:29,25,0,1
2945,2017-04-21,9:04:48,25.1,0,1
2949,2017-04-21,9:10:07,25.1,1,1
2953,2017-04-21,12:43:12,nan,1,1
2957,2017-04-21,12:48:29,26.2,1,1
2961,2017-04-21,12:53:47,26.2,1,1
2965,2017-04-21,12:59:04,nan,1,1
2969,2017-04-21,1:04:22,26.2,1,1
2973,2017-04-21,1:09:42,26.3,1,1
2977,2017-04-21,1:15:02,26.3,1,1
2981,2017-04-21,1:20:22,26.4,1,1
2985,2017-04-21,1:25:44,26.3,1,1
2989,2017-04-21,1:31:06,26.4,1,1
2993,2017-04-21,1:36:27,26.5,1,1
2997,2017-04-21,1:41:54,26.4,1,1
3001,2017-04-21,1:47:19,26.4,1,1
3005,2017-04-21,1:52:39,26.4,1,1
3009,2017-04-21,1:57:59,26.5,1,1
3013,2017-04-21,2:03:18,26.5,1,1
3017,2017-04-21,2:08:39,26.5,1,1
3021,2017-04-21,2:13:55,26.6,1,1
3025,2017-04-21,6:42:43,26.5,1,1
3029,2017-04-21,6:48:03,nan,1,1
3033,2017-04-21,6:53:23,26.6,1,1
3037,2017-04-21,6:58:44,26.6,1,1
3041,2017-04-21,7:04:06,26.5,1,1
3045,2017-04-21,7:09:25,26.6,1,1
3049,2017-04-21,7:14:45,26.6,1,1
3053,2017-04-21,7:20:05,26.6,1,1
3057,2017-04-21,7:25:25,nan,1,1
3061,2017-04-21,7:30:45,26.4,1,1
3065,2017-04-21,7:36:07,26.4,1,1
3069,2017-04-21,7:41:27,26.4,1,1
3073,2017-04-21,7:46:50,26.5,1,1
3077,2017-04-21,7:52:11,26.4,1,1
3081,2017-04-21,7:57:31,26.4,1,1
3085,2017-04-21,8:02:50,26.4,1,1
3089,2017-04-21,8:08:11,26.4,1,1
3093,2017-04-21,8:13:29,26.4,1,1
3097,2017-04-21,8:18:51,26.3,1,1
3101,2017-04-21,8:24:12,26.4,1,1
3105,2017-04-21,8:29:32,26.4,1,1
3109,2017-04-21,8:34:52,nan,1,1
3113,2017-04-21,8:40:12,26.3,1,1
3117,2017-04-21,8:45:32,26.3,1,1
3121,2017-04-21,8:50:58,26.4,1,1
3125,2017-04-21,8:56:19,26.4,1,1
3129,2017-04-21,9:01:38,26.4,1,1
3133,2017-04-21,9:06:57,26.4,1,1
3137,2017-04-21,9:12:17,26.4,1,1
3141,2017-04-21,9:17:36,nan,1,1
3145,2017-04-21,9:22:57,26.3,1,1
3149,2017-04-21,9:28:16,nan,1,1
3153,2017-04-21,9:33:36,26.4,1,1
3157,2017-04-21,9:38:55,nan,1,1
3161,2017-04-21,9:44:23,26.3,1,1
3165,2017-04-21,9:49:43,26.3,1,1
3169,2017-04-21,9:55:03,26.4,1,1
3173,2017-04-21,10:00:23,26.4,1,1
3177,2017-04-21,10:05:43,26.4,1,1
3181,2017-04-21,10:11:01,26.4,1,1
3185,2017-04-21,10:16:28,26.3,1,1
3189,2017-04-21,10:21:47,26.3,1,1
3193,2017-04-21,10:27:09,nan,1,1
3197,2017-04-21,10:32:47,26.3,1,1
3201,2017-04-21,10:38:11,nan,1,1
3205,2017-04-21,10:43:40,26.2,1,1
3209,2017-04-21,10:49:07,26.3,1,1
3213,2017-04-21,10:54:29,nan,1,1
3217,2017-04-21,10:59:50,26.3,1,1
3221,2017-04-21,11:10:33,26.2,1,1
3225,2017-04-21,11:15:53,26.2,0,1
3229,2017-04-22,7:16:34,24.7,0,1
3233,2017-04-22,7:27:05,24.8,0,1
3237,2017-04-22,7:33:23,24.8,0,1
3241,2017-04-22,7:48:54,24.7,0,1
3245,2017-04-22,7:53:07,25.4,0,1
3249,2017-04-22,8:08:44,24.8,0,1
3253,2017-04-22,9:31:22,24.8,0,1
3257,2017-04-22,9:36:50,25.1,0,1
3261,2017-04-22,9:42:16,25.2,0,1
3265,2017-04-22,9:47:40,25.2,0,1
3269,2017-04-22,9:53:12,25.3,0,1
3273,2017-04-22,9:58:40,25.3,0,1
3277,2017-04-22,10:04:08,25.4,0,1
3281,2017-04-22,10:14:32,25.4,0,1
3285,2017-04-22,10:19:57,25.4,0,1
3289,2017-04-22,10:25:20,25.4,0,1
3293,2017-04-22,10:30:51,25.5,0,1
3297,2017-04-22,10:36:15,25.5,0,1
3301,2017-04-22,10:41:41,25.5,0,1
3305,2017-04-22,10:47:06,25.5,0,1
3309,2017-04-22,10:52:33,25.5,0,1
3313,2017-04-22,10:57:58,25.6,1,1
3317,2017-04-22,12:38:19,26.4,0,1
3323,2017-04-22,2:19:48,25.9,1,1
3327,2017-04-22,2:25:07,26.8,1,1
3331,2017-04-22,2:30:25,nan,1,1
3335,2017-04-22,2:35:42,26.9,1,1
3339,2017-04-22,2:40:59,26.9,1,1
3343,2017-04-22,2:46:17,26.9,1,1
3347,2017-04-22,2:51:32,27,1,1
3351,2017-04-22,2:56:50,27,1,1
3355,2017-04-22,3:02:06,nan,1,1
3359,2017-04-22,3:07:22,27.1,1,1
3363,2017-04-22,3:12:40,27.1,1,1
3367,2017-04-22,3:17:59,nan,1,1
3371,2017-04-22,3:23:15,27.1,1,1
3375,2017-04-22,3:28:31,27.1,1,1
3379,2017-04-22,3:33:48,27.2,1,1
3383,2017-04-22,3:39:06,27.2,1,1
3387,2017-04-22,3:44:23,27.1,1,1
3391,2017-04-22,3:49:41,27.1,1,1
3395,2017-04-22,3:54:57,27.1,1,1
3399,2017-04-22,4:00:14,27.2,1,1
3403,2017-04-22,4:05:30,27.2,1,1
3407,2017-04-22,4:10:46,27.2,1,1
3411,2017-04-22,4:16:02,nan,1,1
3415,2017-04-22,4:21:21,27.2,1,1
3419,2017-04-22,4:26:43,27.3,1,1
3423,2017-04-22,4:31:59,nan,1,1
3427,2017-04-22,4:37:16,27.3,1,1
3431,2017-04-22,4:42:34,27.3,1,1
3435,2017-04-22,4:47:50,27.3,1,1
3439,2017-04-22,4:58:17,27.3,1,1
3443,2017-04-22,5:08:56,27.3,1,1
3447,2017-04-22,5:14:33,27.3,1,1
3451,2017-04-22,5:19:57,27.3,1,1
3455,2017-04-22,5:30:28,27.3,1,1
3459,2017-04-22,6:53:17,26.8,1,1
3463,2017-04-22,8:05:08,26.7,1,1
3467,2017-04-22,8:10:32,26.7,1,1
3471,2017-04-22,8:15:50,26.7,1,1
3475,2017-04-22,8:21:11,26.7,1,1
3479,2017-04-22,8:26:30,26.7,1,1
3483,2017-04-22,8:31:52,26.6,1,1
3487,2017-04-22,8:37:11,26.6,1,1
3491,2017-04-22,8:42:30,26.6,1,1
3495,2017-04-22,8:47:49,26.6,1,1
3499,2017-04-22,8:53:07,26.7,1,1
3503,2017-04-22,8:58:27,26.7,1,1
3507,2017-04-22,9:03:47,26.6,1,1
3511,2017-04-22,9:09:06,26.6,1,1
3515,2017-04-22,9:14:26,26.6,1,1
3519,2017-04-22,9:19:45,26.6,1,1
3523,2017-04-22,9:25:04,nan,1,1
3527,2017-04-22,9:30:24,26.6,1,1
3531,2017-04-22,9:35:42,26.6,1,1
3535,2017-04-22,9:41:02,26.6,1,1
3539,2017-04-22,9:46:20,26.4,1,1
3543,2017-04-22,9:51:40,26.4,1,1
3547,2017-04-22,9:57:02,26.4,1,1
3551,2017-04-22,10:02:22,26.4,1,1
3555,2017-04-22,10:07:46,26.4,1,1
3559,2017-04-22,10:13:05,26.5,1,1
3563,2017-04-22,10:18:27,26.5,1,1
3567,2017-04-22,10:23:46,26.5,1,1
3571,2017-04-22,10:31:21,26.4,1,1
3575,2017-04-22,10:36:38,26.4,1,1
3579,2017-04-22,10:41:57,26.4,1,1
3583,2017-04-22,10:47:18,26.4,1,1
3587,2017-04-22,10:52:36,nan,1,1
3591,2017-04-22,10:58:05,26.4,1,1
3595,2017-04-22,11:03:27,26.3,0,1
3600,2017-04-23,6:36:00,25.1,0,1
3604,2017-04-23,6:51:49,25,0,1
3608,2017-04-23,7:22:45,24.9,0,1
3612,2017-04-23,8:04:53,25,1,1
3616,2017-04-23,8:15:38,nan,1,1
3620,2017-04-23,8:21:08,nan,0,1
3624,2017-04-23,8:51:36,25.2,0,1
3628,2017-04-23,8:56:53,25.2,0,1
3632,2017-04-23,9:02:13,25.2,0,1
3636,2017-04-23,9:07:33,25.2,0,1
3640,2017-04-23,9:12:50,25.2,0,1
3644,2017-04-23,9:18:08,25.3,0,1
3648,2017-04-23,9:23:26,25.3,0,1
3652,2017-04-23,9:28:43,25.3,0,1
3656,2017-04-23,9:34:02,25.4,1,1
3660,2017-04-23,12:01:50,26.9,1,1
3664,2017-04-23,3:31:45,27.6,1,1
3668,2017-04-23,3:37:05,27.8,1,1
3672,2017-04-23,3:42:24,27.8,1,1
3676,2017-04-23,3:47:44,27.9,1,1
3680,2017-04-23,3:53:05,27.9,1,1
3684,2017-04-23,3:58:26,27.9,1,1
3688,2017-04-23,4:03:46,27.9,1,1
3692,2017-04-23,4:09:06,27.9,1,1
3696,2017-04-23,4:14:25,27.9,1,1
3700,2017-04-23,4:19:45,27.9,1,1
3704,2017-04-23,5:52:22,27.7,1,1
3708,2017-04-23,6:33:32,27.4,1,1
3712,2017-04-23,7:19:32,27.2,1,1
3716,2017-04-23,7:50:25,27.1,1,1
3720,2017-04-23,7:55:48,27.1,1,1
3724,2017-04-23,8:01:12,27.1,1,1
3728,2017-04-23,8:06:33,27,1,1
3732,2017-04-23,8:11:56,27,1,1
3736,2017-04-23,8:17:19,27,1,1
3740,2017-04-23,8:22:44,27,1,1
3744,2017-04-23,8:28:05,27,1,1
3748,2017-04-23,8:33:27,27,1,1
3752,2017-04-23,8:38:50,nan,1,1
3756,2017-04-23,8:44:12,27,1,1
3760,2017-04-23,8:49:38,27,1,1
3764,2017-04-23,8:55:02,27,1,1
3768,2017-04-23,9:00:25,27,1,1
3772,2017-04-23,9:05:49,27,1,1
3776,2017-04-23,9:11:11,27,1,1
3780,2017-04-23,9:16:34,27,1,1
3784,2017-04-23,9:21:57,27,1,1
3788,2017-04-23,9:27:19,27,1,1
3792,2017-04-23,9:32:42,27,1,1
3796,2017-04-23,9:38:04,nan,1,1
3800,2017-04-23,9:43:25,27,1,1
3804,2017-04-23,9:48:48,27,1,1
3808,2017-04-23,9:54:10,27,1,1
3812,2017-04-23,9:59:32,27,1,1
3816,2017-04-23,10:04:53,27,1,1
3820,2017-04-23,10:10:15,27,1,1
3824,2017-04-23,10:15:38,27,1,1
3828,2017-04-23,10:21:01,27,1,1
3832,2017-04-23,10:27:18,27,1,1
3836,2017-04-23,10:32:40,27,1,1
3840,2017-04-23,10:38:04,26.9,1,1
3844,2017-04-23,10:43:26,26.9,0,1
3848,2017-04-24,8:00:00,25.6,0,1
3852,2017-04-24,8:05:22,25.6,0,1
3856,2017-04-24,8:10:49,25.6,0,1
3860,2017-04-24,8:16:11,25.6,1,1
3864,2017-04-24,8:27:27,nan,0,1
3868,2017-04-24,8:32:45,25.7,0,1
3872,2017-04-24,8:38:05,25.8,0,1
3876,2017-04-24,8:43:23,25.8,0,1
3880,2017-04-24,8:48:42,25.8,1,1
3884,2017-04-24,8:54:01,nan,0,1
3888,2017-04-24,8:59:21,25.8,0,1
3892,2017-04-24,9:04:38,25.8,0,1
3896,2017-04-24,9:09:57,25.8,0,1
3900,2017-04-24,9:15:15,25.9,0,1
3904,2017-04-24,9:20:37,25.9,0,1
3908,2017-04-24,9:25:54,25.9,1,1
3912,2017-04-24,9:31:13,26,1,1
3916,2017-04-24,9:36:31,26,1,1
3920,2017-04-24,9:41:51,nan,1,1
3924,2017-04-24,9:47:08,26.1,1,1
3928,2017-04-24,9:52:27,26.1,1,1
3932,2017-04-24,9:57:45,26.1,1,1
3936,2017-04-24,10:03:04,26.1,1,1
3940,2017-04-24,10:08:22,26.1,1,1
3944,2017-04-24,10:13:41,26.2,1,1
3948,2017-04-24,10:18:59,26.2,1,1
3952,2017-04-24,10:24:19,26.2,1,1
3956,2017-04-24,10:29:37,26.2,1,1
3960,2017-04-24,10:34:56,26.3,1,1
3964,2017-04-24,10:40:14,26.3,1,1
3968,2017-04-24,10:45:32,26.3,1,1
3972,2017-04-24,10:50:53,26.4,1,1
3976,2017-04-24,10:56:12,nan,1,1
3980,2017-04-24,11:01:30,26.4,1,1
3984,2017-04-24,11:06:49,26.4,1,1
3988,2017-04-24,11:12:13,26.4,1,1
3992,2017-04-24,11:17:32,26.5,1,1
3996,2017-04-24,12:34:05,26.8,1,1
4000,2017-04-24,12:39:22,26.9,1,1
4004,2017-04-24,12:44:39,26.9,1,1
4008,2017-04-24,12:49:58,26.9,1,1
4012,2017-04-24,12:55:15,nan,1,1
4016,2017-04-24,1:00:32,27,1,1
4020,2017-04-24,1:05:50,27,1,1
4024,2017-04-24,1:11:14,27.1,1,1
4028,2017-04-24,1:16:33,27.2,1,1
4032,2017-04-24,1:21:50,27.2,1,1
4036,2017-04-24,1:27:11,27.2,1,1
4040,2017-04-24,1:32:32,27.2,1,1
4044,2017-04-24,1:37:50,27.2,1,1
4048,2017-04-24,1:43:09,27.2,1,1
4052,2017-04-24,1:48:27,27.2,1,1
4056,2017-04-24,1:53:45,27.2,1,1
4060,2017-04-24,1:59:03,27.3,1,1
4064,2017-04-24,2:04:21,27.3,1,1
4068,2017-04-24,2:09:38,27.3,1,1
4072,2017-04-24,2:14:54,nan,1,1
4076,2017-04-24,2:20:13,27.4,1,1
4080,2017-04-24,2:25:33,27.4,1,1
4084,2017-04-24,2:30:53,27.4,1,1
4088,2017-04-24,2:36:13,27.4,1,1
4092,2017-04-24,2:59:20,27.5,1,1
4096,2017-04-24,3:04:39,27.5,1,1
4100,2017-04-24,3:09:57,27.5,1,1
4104,2017-04-24,3:15:25,27.5,1,1
4108,2017-04-24,3:20:54,27.6,1,1
4112,2017-04-24,3:26:14,27.6,1,1
4116,2017-04-24,3:31:33,27.6,1,1
4120,2017-04-24,3:36:50,27.6,1,1
4124,2017-04-24,3:42:08,27.6,1,1
4128,2017-04-24,3:47:25,27.6,1,1
4132,2017-04-24,3:52:43,27.7,1,1
4136,2017-04-24,3:58:01,27.7,1,1
4140,2017-04-24,4:03:18,27.7,1,1
4144,2017-04-24,6:07:23,nan,1,1
4148,2017-04-24,6:12:48,27.5,1,1
4152,2017-04-24,6:41:57,27.4,1,1
4156,2017-04-24,6:47:38,27.5,1,1
4160,2017-04-24,6:53:23,27.5,1,1
4164,2017-04-24,6:58:45,27.5,1,1
4168,2017-04-24,7:04:13,nan,1,1
4172,2017-04-24,7:09:41,27.5,1,1
4176,2017-04-24,7:25:15,27.5,1,1
4180,2017-04-24,8:10:12,nan,1,1
4184,2017-04-24,8:30:47,27.4,1,0
4188,2017-04-24,8:46:13,nan,1,1
4192,2017-04-24,9:52:44,27.3,1,1
4196,2017-04-24,9:58:08,27.3,1,1
4200,2017-04-24,10:03:33,27.3,1,1
4204,2017-04-24,10:09:01,27.2,1,1
4208,2017-04-24,10:14:33,27.2,0,1
4212,2017-04-25,6:18:33,25.8,0,1
4216,2017-04-25,6:38:57,25.8,0,0
4220,2017-04-25,6:49:30,25.8,0,0
4224,2017-04-25,7:05:18,25.8,0,1
4228,2017-04-25,7:11:05,25.8,1,1
4232,2017-04-25,10:55:06,26.7,1,1
4236,2017-04-25,11:00:36,26.8,1,1
4240,2017-04-25,11:06:06,26.7,1,1
4244,2017-04-25,11:11:34,26.8,1,1
4248,2017-04-25,11:16:59,26.8,1,1
4252,2017-04-25,11:22:26,26.8,1,1
4256,2017-04-25,11:27:56,26.8,1,1
4260,2017-04-25,11:33:30,26.9,1,1
4264,2017-04-25,11:39:00,26.9,1,1
4268,2017-04-25,11:44:30,26.9,1,1
4272,2017-04-25,11:50:08,27,1,1
4276,2017-04-25,11:55:37,27,1,1
4280,2017-04-25,1:00:28,27.3,1,1
4284,2017-04-25,1:05:56,27.4,1,0
4288,2017-04-25,3:16:03,28,1,1
4292,2017-04-25,3:21:23,28,1,1
4296,2017-04-25,3:26:44,nan,1,1
4300,2017-04-25,3:32:05,28,1,1
4302,2017-04-25,4:19:27,28.1,1,1
4306,2017-04-25,4:24:53,28.1,1,1
4310,2017-04-25,4:30:22,28.1,1,1
4314,2017-04-25,4:35:48,28.1,1,1
4318,2017-04-25,4:41:15,28.1,1,1
4322,2017-04-25,6:31:17,27.8,1,1
4326,2017-04-25,6:41:44,27.7,1,1
4330,2017-04-25,6:57:18,27.7,1,1
4334,2017-04-25,7:03:14,27.7,1,1
4338,2017-04-25,7:18:51,27.6,1,1
4342,2017-04-25,8:09:37,27.6,1,1
4346,2017-04-25,8:25:32,27.6,1,1
4350,2017-04-25,8:31:14,27.6,1,1
4354,2017-04-25,8:52:12,27.4,1,1
4358,2017-04-25,8:57:45,27.4,1,1
4362,2017-04-25,9:03:14,27.4,1,1
4366,2017-04-25,9:13:58,nan,1,1
4370,2017-04-25,9:24:37,27.4,1,1
4374,2017-04-25,9:30:08,27.5,1,1
4378,2017-04-25,9:40:38,27.4,1,1
4382,2017-04-25,9:51:11,27.4,1,1
4386,2017-04-25,9:57:02,nan,1,1
4390,2017-04-25,10:02:32,27.4,1,1
4394,2017-04-25,10:08:02,27.4,1,1
4398,2017-04-25,10:13:31,27.4,1,1
4402,2017-04-25,10:18:58,27.4,1,1
4406,2017-04-25,10:24:30,27.4,1,1
4410,2017-04-25,10:30:01,27.3,1,1
4414,2017-04-25,10:35:38,27.3,1,1
4418,2017-04-26,5:44:34,26.2,1,1
4422,2017-04-26,6:45:36,26,1,1
4426,2017-04-26,6:51:08,26,1,1
4430,2017-04-26,7:19:09,26,1,1
4434,2017-04-26,7:50:18,26,1,1
4438,2017-04-26,7:55:44,26,1,1
4442,2017-04-26,8:01:03,26,1,1
4446,2017-04-26,8:06:27,26,1,1
4450,2017-04-26,8:35:39,26.2,1,1
4454,2017-04-26,8:41:08,26.3,1,1
4458,2017-04-26,8:46:40,26.3,1,1
4462,2017-04-26,8:52:17,26.4,1,1
4466,2017-04-26,8:57:51,26.4,1,1
4470,2017-04-26,9:03:24,26.4,1,1
4474,2017-04-26,9:08:52,26.5,1,1
4478,2017-04-26,9:14:19,26.5,1,1
4482,2017-04-26,9:19:48,26.5,1,1
4486,2017-04-26,9:25:17,26.6,1,1
4490,2017-04-26,9:30:47,26.6,1,1
4494,2017-04-26,9:36:13,26.6,1,0
4498,2017-04-26,9:41:41,26.7,1,1
4502,2017-04-26,9:47:10,26.7,1,1
4506,2017-04-26,9:52:38,26.7,1,1
4510,2017-04-26,9:58:12,26.8,1,1
4514,2017-04-26,10:03:43,26.8,1,1
4518,2017-04-26,10:09:11,26.8,1,1
4522,2017-04-26,10:14:41,26.8,1,1
4526,2017-04-26,10:20:09,26.8,1,1
4530,2017-04-26,10:25:41,26.8,1,1
4534,2017-04-26,10:31:07,26.8,1,1
4538,2017-04-26,10:36:35,26.8,1,1
4542,2017-04-26,10:42:05,26.9,1,1
4546,2017-04-26,10:47:34,26.9,1,1
4550,2017-04-26,10:53:03,26.9,1,1
4554,2017-04-26,10:58:34,26.9,1,1
4558,2017-04-26,11:04:04,27,1,1
4562,2017-04-26,11:09:37,27.1,1,1
4566,2017-04-26,3:00:40,28.5,1,1
4570,2017-04-26,3:06:01,28.6,1,1
4574,2017-04-26,3:11:24,28.6,1,1
4579,2017-04-26,3:16:46,28.5,1,1
4583,2017-04-26,3:22:10,28.6,1,1
4587,2017-04-26,3:27:32,28.7,1,1
4591,2017-04-26,3:32:54,28.7,1,1
4595,2017-04-26,3:38:16,28.8,1,1
4599,2017-04-26,4:01:26,28.7,1,1
4603,2017-04-26,4:06:44,28.7,1,1
4607,2017-04-26,4:12:04,28.7,1,1
4611,2017-04-26,4:17:24,28.7,1,1
4615,2017-04-26,4:22:42,28.7,1,1
4619,2017-04-26,4:28:01,28.7,1,1
4623,2017-04-26,4:33:22,28.7,1,1
4627,2017-04-26,4:38:43,28.6,1,1
4631,2017-04-26,4:44:10,28.6,1,1
4635,2017-04-26,4:49:38,28.6,1,1
4639,2017-04-26,4:55:05,28.6,1,1
4643,2017-04-26,5:00:27,28.6,1,1
4647,2017-04-26,5:06:09,28.6,1,1
4651,2017-04-26,7:03:51,28.5,1,1
4655,2017-04-26,7:09:11,28.1,1,1
4659,2017-04-26,7:14:34,28,1,1
4663,2017-04-26,7:19:59,28,1,1
4667,2017-04-26,7:25:24,28,1,1
4671,2017-04-26,7:30:49,27.9,1,1
4675,2017-04-26,7:36:12,27.9,1,1
4679,2017-04-26,7:41:33,27.9,1,1
4683,2017-04-26,7:46:55,27.9,1,1
4687,2017-04-26,7:52:16,27.8,1,1
4691,2017-04-26,7:57:41,27.8,1,1
4695,2017-04-26,8:03:06,27.8,1,1
4699,2017-04-26,8:08:29,27.7,1,1
4703,2017-04-26,8:14:01,27.7,1,1
4707,2017-04-26,8:19:28,27.7,1,1
4711,2017-04-26,8:24:56,27.7,1,1
4715,2017-04-26,8:30:23,27.7,1,1
4719,2017-04-26,8:35:43,27.7,1,1
4723,2017-04-26,8:41:04,27.6,1,1
4727,2017-04-26,8:46:31,27.6,1,1
4731,2017-04-26,8:51:56,27.6,1,1
4735,2017-04-26,8:57:19,27.7,1,1
4739,2017-04-26,9:02:42,27.7,1,1
4743,2017-04-26,9:08:03,27.6,1,1
4747,2017-04-26,9:13:27,27.6,1,1
4751,2017-04-27,7:54:06,nan,1,1
4755,2017-04-27,7:59:29,26.6,1,1
4759,2017-04-27,8:04:57,26.6,1,1
4763,2017-04-27,8:10:26,26.6,1,1
4767,2017-04-27,8:15:51,26.6,1,1
4771,2017-04-27,8:21:16,26.7,1,1
4775,2017-04-27,8:26:44,26.8,1,1
4779,2017-04-27,8:32:14,26.8,1,1
4783,2017-04-27,8:37:43,26.8,1,1
4787,2017-04-27,8:43:09,26.8,1,1
4791,2017-04-27,8:48:37,26.8,1,1
4795,2017-04-27,8:54:05,26.9,1,1
4799,2017-04-27,8:59:31,26.9,1,1
4803,2017-04-27,9:04:58,27,1,1
4807,2017-04-27,9:10:24,27,1,1
4811,2017-04-27,9:15:54,27,1,1
4815,2017-04-27,9:21:20,27.1,1,1
4819,2017-04-27,9:26:45,27.1,1,1
4823,2017-04-27,9:32:12,27.1,1,1
4827,2017-04-27,9:37:41,27.2,1,1
4831,2017-04-27,9:43:07,27.2,1,1
4835,2017-04-27,9:48:31,27.2,1,1
4839,2017-04-27,9:54:01,27.2,1,1
4843,2017-04-27,10:15:05,27.4,1,1
4847,2017-04-27,10:30:46,27.5,1,1
4851,2017-04-27,10:36:16,27.5,1,1
4855,2017-04-27,10:46:44,27.5,1,1
4859,2017-04-27,10:52:10,27.5,1,1
4863,2017-04-27,12:08:55,27.9,1,1
4867,2017-04-27,12:14:14,28,1,1
4871,2017-04-27,12:19:33,28,1,1
4875,2017-04-27,12:24:53,28,1,1
4879,2017-04-27,12:30:24,28,1,1
4883,2017-04-27,12:35:53,28.1,1,1
4887,2017-04-27,12:41:12,28,1,1
4891,2017-04-27,12:46:31,28.1,1,1
4895,2017-04-27,12:51:50,28.1,1,1
4899,2017-04-27,12:57:09,28.1,1,1
4903,2017-04-27,1:02:28,nan,1,1
4907,2017-04-27,1:07:46,28.1,1,1
4911,2017-04-27,1:13:08,28.1,1,1
4915,2017-04-27,1:18:26,28.1,1,1
4919,2017-04-27,1:23:44,28.1,1,1
4923,2017-04-27,1:29:01,28.1,1,1
4927,2017-04-27,1:34:20,28.1,1,1
4931,2017-04-27,7:10:45,27.9,1,1
4935,2017-04-27,7:36:50,27.9,1,1
4939,2017-04-27,7:42:19,27.9,1,1
4943,2017-04-27,8:05:31,27.8,1,1
4947,2017-04-27,8:10:52,27.8,1,1
4951,2017-04-27,8:16:12,27.7,1,1
4955,2017-04-27,8:21:31,27.7,1,1
4959,2017-04-27,8:26:52,nan,1,1
4963,2017-04-27,8:32:10,27.7,1,1
4967,2017-04-27,8:37:30,nan,1,1
4971,2017-04-27,8:42:48,27.7,1,1
4975,2017-04-27,8:48:12,27.7,1,1
4979,2017-04-27,8:53:31,27.6,1,1
4983,2017-04-27,8:58:54,27.6,1,1
4987,2017-04-27,9:04:12,27.6,1,1
4991,2017-04-27,9:09:30,27.6,1,1
4995,2017-04-27,9:14:48,27.5,1,1
4999,2017-04-27,9:20:09,27.6,1,1
5003,2017-04-27,9:25:29,27.5,1,1
5007,2017-04-27,9:30:54,27.5,1,1
5011,2017-04-27,9:36:12,27.5,1,1
5015,2017-04-27,9:41:35,27.5,1,1
5019,2017-04-27,9:46:53,27.5,1,1
5023,2017-04-27,9:52:13,nan,1,1
5027,2017-04-27,10:23:25,27.5,1,1
5031,2017-04-28,7:21:21,26,1,1
5035,2017-04-28,7:47:01,26,1,1
5039,2017-04-28,7:52:25,26,1,1
5043,2017-04-28,7:57:50,nan,1,1
5047,2017-04-28,8:03:29,26,1,1
5051,2017-04-28,8:08:52,26,1,1
5057,2017-04-28,8:43:45,nan,1,1
5061,2017-04-28,8:49:15,26.2,1,1
5065,2017-04-28,8:54:45,26.3,1,1
5069,2017-04-28,9:00:23,26.3,1,1
5073,2017-04-28,9:05:52,26.3,1,1
5077,2017-04-28,9:11:20,26.3,1,1
5081,2017-04-28,9:16:48,26.4,1,1
5085,2017-04-28,9:22:18,26.4,1,1
5089,2017-04-28,9:27:46,26.5,1,1
5093,2017-04-28,9:33:18,26.5,1,1
5097,2017-04-28,9:38:48,26.5,1,1
5101,2017-04-28,9:44:20,26.6,1,1
5105,2017-04-28,9:55:43,26.6,1,1
5109,2017-04-28,10:01:09,26.6,1,1
5113,2017-04-28,10:06:44,26.6,1,1
5117,2017-04-28,10:12:12,26.7,1,1
5121,2017-04-28,1:27:32,27.8,1,1
5125,2017-04-28,1:32:51,27.8,1,1
5129,2017-04-28,1:38:12,27.8,1,1
5133,2017-04-28,1:43:32,27.7,1,1
5137,2017-04-28,1:48:55,27.7,1,1
5141,2017-04-28,2:44:46,27.9,1,1
5145,2017-04-28,2:50:05,28,1,1
5149,2017-04-28,2:55:25,28,1,1
5153,2017-04-28,3:00:44,nan,1,1
5157,2017-04-28,3:06:03,nan,1,1
5161,2017-04-28,3:11:27,28,1,1
5165,2017-04-28,3:16:50,28,1,1
5169,2017-04-28,3:22:11,28,1,1
5173,2017-04-28,3:27:33,28,1,1
5177,2017-04-28,3:32:53,27.9,1,1
5181,2017-04-28,3:38:15,27.9,1,1
5185,2017-04-28,3:43:37,nan,1,1
5189,2017-04-28,3:48:57,27.9,1,1
5193,2017-04-28,6:03:22,28,1,1
5197,2017-04-28,6:08:50,28.1,1,1
5201,2017-04-28,7:09:19,27.8,1,1
5205,2017-04-28,7:24:45,27.7,1,1
5209,2017-04-28,8:51:37,27.4,1,1
5213,2017-04-28,8:57:23,27.4,1,1
5217,2017-04-28,9:02:43,27.4,1,1
5221,2017-04-28,9:08:02,27.5,1,1
5225,2017-04-28,9:13:22,27.4,1,1
5229,2017-04-28,9:18:42,27.4,1,1
5233,2017-04-28,9:24:06,27.4,1,1
5237,2017-04-28,9:29:25,27.3,1,1
5241,2017-04-28,9:34:45,27.4,1,1
5245,2017-04-28,9:40:04,27.4,1,1
5249,2017-04-28,9:45:24,27.5,1,1
5253,2017-04-28,9:50:42,27.5,1,1
5257,2017-04-28,9:56:02,27.4,1,1
5261,2017-04-28,10:01:31,27.4,1,1
5265,2017-04-28,10:06:53,27.4,1,1
5269,2017-04-28,10:12:11,27.4,1,1
5273,2017-04-28,10:17:30,27.4,1,1
5277,2017-04-28,10:22:49,27.4,1,1
5281,2017-04-28,10:28:08,nan,1,1
5285,2017-04-28,10:33:27,27.3,1,1
5289,2017-04-28,10:38:46,27.3,1,1
5293,2017-04-28,10:44:04,27.3,1,1
5297,2017-04-28,11:09:34,27.3,1,1
5301,2017-04-28,11:45:13,27.3,1,1
5305,2017-04-28,11:56:01,27.3,1,1
5309,2017-04-29,12:01:37,27.2,1,1
5313,2017-04-29,12:38:00,27.2,1,1
5317,2017-04-29,12:58:30,27.1,1,1
5321,2017-04-29,2:29:41,26.9,1,1
5325,2017-04-29,2:35:07,26.9,1,1
5329,2017-04-29,2:40:45,26.8,1,1
5333,2017-04-29,2:51:25,26.8,1,1
5337,2017-04-29,2:57:26,26.7,1,1
5341,2017-04-29,3:13:42,26.7,1,1
5345,2017-04-29,3:19:11,26.7,1,1
5349,2017-04-29,3:25:01,26.6,1,1
5353,2017-04-29,3:40:33,nan,1,1
5357,2017-04-29,3:51:24,26.6,1,1
5361,2017-04-29,4:01:46,nan,1,1
5365,2017-04-29,4:37:46,26.5,1,1
5369,2017-04-29,5:55:00,26.3,1,1
5373,2017-04-29,6:00:29,26.2,1,1
5377,2017-04-29,6:43:27,26.2,1,1
5381,2017-04-29,6:59:01,26.1,1,1
5385,2017-04-29,7:50:01,26.3,1,1
5389,2017-04-29,7:56:52,26.3,1,1
5393,2017-04-29,8:02:21,26.3,1,1
5397,2017-04-29,8:08:14,26.3,1,1
5401,2017-04-29,8:14:11,26.3,1,1
5405,2017-04-29,8:19:40,26.3,1,1
5409,2017-04-29,8:25:09,26.3,1,1
5413,2017-04-29,8:30:37,26.3,1,1
5417,2017-04-29,8:36:02,26.4,1,1
5421,2017-04-29,8:41:29,26.4,1,1
5425,2017-04-29,8:46:58,26.4,1,1
5429,2017-04-29,8:52:27,26.4,1,1
5433,2017-04-29,8:57:52,26.5,1,1
5437,2017-04-29,9:03:21,26.5,1,1
5441,2017-04-29,9:08:50,26.5,1,1
5445,2017-04-29,9:14:18,26.6,1,1
5449,2017-04-29,9:19:49,26.6,1,1
5453,2017-04-29,9:25:17,26.7,1,1
5457,2017-04-29,9:30:50,26.7,1,1
5461,2017-04-29,9:36:18,26.8,1,1
5465,2017-04-29,2:42:53,27.7,1,1
5469,2017-04-29,2:48:13,27.8,1,1
5473,2017-04-29,2:53:31,28.1,1,1
5477,2017-04-29,2:58:50,28.2,1,1
5481,2017-04-29,3:04:08,28.3,1,1
5485,2017-04-29,3:09:26,28.3,1,1
5489,2017-04-29,3:14:45,28.4,1,1
5493,2017-04-29,3:20:03,28.4,1,1
5497,2017-04-29,3:25:22,28.5,1,1
5501,2017-04-29,3:30:40,28.5,1,1
5505,2017-04-29,3:35:58,28.7,1,1
5509,2017-04-29,3:41:16,28.8,1,1
5513,2017-04-29,3:46:33,nan,1,1
5517,2017-04-29,3:51:50,nan,1,1
5521,2017-04-29,3:57:11,28.7,1,1
5525,2017-04-29,4:02:33,28.7,1,1
5529,2017-04-29,4:07:53,28.7,1,1
5533,2017-04-29,4:18:16,28.7,1,1
5537,2017-04-29,5:19:09,28.7,1,1
5541,2017-04-29,6:20:56,28.4,1,1
5545,2017-04-29,6:58:32,nan,1,1
5549,2017-04-29,7:04:04,28.2,1,1
5553,2017-04-29,7:35:35,28.1,1,1
5557,2017-04-29,7:46:09,28.1,1,1
5561,2017-04-29,8:47:47,28,1,1
5565,2017-04-29,8:53:11,nan,1,1
5569,2017-04-29,8:58:38,27.9,1,1
5573,2017-04-29,9:04:03,27.9,1,1
5577,2017-04-29,9:09:29,27.9,1,1
5581,2017-04-29,9:15:04,27.9,1,1
5584,2017-04-29,9:20:37,27.9,1,1
5588,2017-04-29,9:26:07,27.9,1,1
5592,2017-04-29,9:31:33,nan,1,1
5596,2017-04-29,11:28:25,27.8,1,1
5600,2017-04-30,1:01:14,27.4,1,1
5604,2017-04-30,1:47:54,27.4,1,1
5608,2017-04-30,5:56:50,26.6,1,1
5612,2017-04-30,6:22:25,26.6,0,1
5616,2017-04-30,7:03:59,25.9,0,1
5620,2017-04-30,7:50:32,25.5,0,1
5624,2017-04-30,7:55:52,25.5,0,1
5631,2017-04-30,8:06:34,25.6,1,1
5635,2017-04-30,8:11:54,nan,0,1
5639,2017-04-30,8:17:14,25.6,0,1
5643,2017-04-30,8:22:33,25.7,1,1
5647,2017-04-30,8:27:53,nan,1,1
5651,2017-04-30,8:33:12,nan,1,1
5655,2017-04-30,8:38:34,26,1,1
5659,2017-04-30,8:43:53,26,1,1
5663,2017-04-30,8:49:12,26.1,1,1
5667,2017-04-30,8:54:33,26.1,1,1
5671,2017-04-30,1:47:59,28.5,1,1
5675,2017-04-30,1:53:17,28.5,1,1
5679,2017-04-30,1:58:37,28.6,1,1
5683,2017-04-30,2:03:55,28.6,1,1
5687,2017-04-30,2:09:11,28.6,1,1
5691,2017-04-30,2:14:27,28.6,1,1
5695,2017-04-30,2:19:45,28.6,1,1
5699,2017-04-30,2:25:04,28.7,1,1
5703,2017-04-30,2:30:23,28.7,1,1
5707,2017-04-30,2:35:41,28.7,1,1
5711,2017-04-30,2:40:58,28.7,1,1
5715,2017-04-30,2:46:15,28.8,1,1
5719,2017-04-30,2:51:33,28.8,1,1
5723,2017-04-30,2:56:50,28.8,1,1
5727,2017-04-30,3:02:08,28.8,1,1
5731,2017-04-30,3:07:27,nan,1,1
5735,2017-04-30,3:12:44,28.9,1,1
5739,2017-04-30,3:18:02,28.9,1,1
5743,2017-04-30,3:23:24,28.9,1,1
5747,2017-04-30,3:28:44,29.2,1,1
5751,2017-04-30,3:34:03,28.9,1,1
5755,2017-04-30,3:39:20,28.9,1,1
5759,2017-04-30,3:44:37,28.9,1,1
5763,2017-04-30,3:55:04,28.9,1,1
5767,2017-04-30,7:27:51,28.2,1,1
5771,2017-04-30,8:49:04,28,1,1
5775,2017-04-30,10:06:02,27.9,1,1
5779,2017-04-30,10:47:34,27.9,1,1
5783,2017-04-30,11:18:29,nan,1,1
5787,2017-04-30,11:24:10,27.7,1,1
5791,2017-04-30,11:39:53,nan,1,1
5795,2017-04-30,11:50:14,nan,1,1
5799,2017-05-01,12:06:03,27.6,1,1
5803,2017-05-01,12:27:15,27.5,1,1
5807,2017-05-01,12:47:43,27.4,1,1
5811,2017-05-01,12:53:02,27.4,1,1
5815,2017-05-01,12:58:23,27.4,1,1
5819,2017-05-01,1:03:42,27.4,1,1
5823,2017-05-01,1:09:01,27.3,1,1
5827,2017-05-01,1:14:23,27.3,1,1
5831,2017-05-01,1:19:44,27.3,1,1
5835,2017-05-01,1:25:03,27.3,1,1
5839,2017-05-01,1:30:27,27.3,1,1
5843,2017-05-01,1:35:48,27.2,1,1
5847,2017-05-01,1:41:11,27.2,1,1
5851,2017-05-01,1:46:29,27.2,1,1
5855,2017-05-01,1:51:48,nan,1,1
5859,2017-05-01,2:02:13,27.1,1,1
5863,2017-05-01,2:07:38,nan,1,1
5867,2017-05-01,2:13:04,27.1,1,1
5871,2017-05-01,2:18:23,nan,1,1
5875,2017-05-01,2:23:42,27.1,1,1
5879,2017-05-01,2:29:16,27,1,1
5883,2017-05-01,2:34:36,nan,1,1
5887,2017-05-01,2:40:00,27,1,1
5891,2017-05-01,2:45:23,27,1,1
5895,2017-05-01,3:06:31,26.9,1,1
5899,2017-05-01,3:23:18,26.9,1,1
5903,2017-05-01,3:33:50,26.8,1,1
5907,2017-05-01,3:59:24,26.7,1,1
5911,2017-05-01,4:39:54,26.6,1,1
5915,2017-05-01,5:53:34,26.2,1,1
5919,2017-05-01,7:21:15,26,0,1
5923,2017-05-01,7:51:43,25.4,0,1
5927,2017-05-01,7:57:13,25.4,0,1
5931,2017-05-01,8:02:37,25.5,0,1
5935,2017-05-01,8:07:56,25.5,0,1
5939,2017-05-01,8:13:16,25.5,0,1
5943,2017-05-01,8:18:35,25.5,0,1
5947,2017-05-01,8:23:53,25.6,0,1
5951,2017-05-01,8:29:14,25.6,0,1
5955,2017-05-01,8:34:34,25.5,0,1
5959,2017-05-01,8:39:57,25.6,0,1
5963,2017-05-01,8:45:16,25.7,0,1
5967,2017-05-01,8:50:37,25.8,0,1
5971,2017-05-01,8:55:57,25.9,1,1
5975,2017-05-01,9:01:17,26,1,1
5979,2017-05-01,9:06:39,26,1,1
5983,2017-05-01,9:11:58,26.1,1,1
5987,2017-05-01,9:17:19,26.1,1,1
5991,2017-05-01,9:22:39,26.1,1,1
5995,2017-05-01,9:27:59,26.2,1,1
5999,2017-05-01,9:33:18,nan,1,1
6003,2017-05-01,9:38:38,26.4,1,1
6007,2017-05-01,9:43:57,26.4,1,1
6011,2017-05-01,9:49:17,26.5,1,1
6015,2017-05-01,9:54:36,26.5,1,1
6019,2017-05-01,9:59:55,26.6,1,1
6023,2017-05-01,10:05:15,26.6,1,1
6027,2017-05-01,10:10:38,26.7,1,1
6031,2017-05-01,10:16:08,26.7,1,1
6035,2017-05-01,10:26:42,26.8,1,1
6039,2017-05-01,10:32:03,26.7,1,1
6043,2017-05-01,10:37:24,26.8,1,1
6047,2017-05-01,10:42:45,26.8,1,1
6051,2017-05-01,10:45:09,26.9,1,1
6055,2017-05-01,10:50:40,27,1,1
6059,2017-05-01,10:56:03,27,1,1
6063,2017-05-01,11:01:28,27.1,1,1
6067,2017-05-01,11:06:47,nan,1,1
6071,2017-05-01,11:44:31,27.2,1,1
6075,2017-05-01,11:54:48,27.3,1,1
6079,2017-05-01,12:00:05,nan,1,1
6083,2017-05-01,12:05:24,27.4,1,1
6087,2017-05-01,12:10:41,nan,1,1
6091,2017-05-01,12:16:01,nan,1,1
6095,2017-05-01,12:21:19,27.3,1,1
6099,2017-05-01,12:26:37,27.3,1,1
6103,2017-05-01,12:31:55,27.3,1,1
6107,2017-05-01,12:37:16,27.3,1,1
6111,2017-05-01,12:42:35,27.3,1,1
6115,2017-05-01,12:47:54,nan,1,1
6119,2017-05-01,12:53:13,nan,1,1
6123,2017-05-01,12:58:35,27.5,1,1
6127,2017-05-01,1:03:56,27.6,1,1
6131,2017-05-01,1:09:15,nan,1,1
6135,2017-05-01,1:14:35,27.7,1,1
6139,2017-05-01,1:19:55,27.7,1,1
6143,2017-05-01,1:25:17,27.8,1,1
6147,2017-05-01,1:30:36,27.8,1,1
6151,2017-05-01,1:35:59,27.9,1,1
6155,2017-05-01,1:41:21,27.9,1,1
6159,2017-05-01,1:46:40,27.9,1,1
6163,2017-05-01,1:51:59,28,1,1
6167,2017-05-01,1:57:20,28,1,1
6171,2017-05-01,2:02:41,28,1,1
6175,2017-05-01,2:08:00,28,1,1
6179,2017-05-01,2:13:21,28,1,1
6183,2017-05-01,2:18:42,28,1,1
6187,2017-05-01,2:24:03,28,1,1
6191,2017-05-01,2:29:21,28,1,1
6195,2017-05-01,2:34:41,28.1,1,1
6199,2017-05-01,2:40:02,28.1,1,1
6203,2017-05-01,2:45:21,28.1,1,1
6207,2017-05-01,2:50:40,28.2,1,1
6211,2017-05-01,2:56:01,nan,1,1
6215,2017-05-01,3:01:20,28.2,1,1
6219,2017-05-01,3:06:39,28.2,1,1
6223,2017-05-01,3:11:58,28.3,1,1
6227,2017-05-01,3:17:17,28.3,1,1
6231,2017-05-01,3:22:37,28.3,1,1
6235,2017-05-01,3:27:58,28.3,1,1
6239,2017-05-01,3:33:17,28.3,1,1
6243,2017-05-01,3:38:38,28.3,1,1
6247,2017-05-01,3:43:56,28.4,1,1
6251,2017-05-01,3:49:15,28.4,1,1
6255,2017-05-01,3:54:36,28.3,1,1
6259,2017-05-01,3:59:55,28.5,1,1
6263,2017-05-01,4:05:15,28.4,1,1
6267,2017-05-01,4:10:34,28.4,1,1
6271,2017-05-01,4:15:56,28.5,1,1
6275,2017-05-01,4:21:17,28.5,1,1
6279,2017-05-01,4:26:37,28.5,1,1
6283,2017-05-01,4:31:54,28.5,1,1
6287,2017-05-01,5:30:41,28.3,1,1
6291,2017-05-01,5:36:01,28.4,1,1
6295,2017-05-01,5:41:22,28.3,1,1
6299,2017-05-01,5:46:43,nan,1,1
6303,2017-05-01,6:45:31,27.9,1,1
6307,2017-05-01,6:50:50,28,1,1
6311,2017-05-01,6:56:13,nan,1,1
6315,2017-05-01,7:01:35,27.9,1,1
6319,2017-05-01,7:07:01,27.9,1,1
6323,2017-05-01,7:12:22,27.9,1,1
6327,2017-05-01,7:17:46,27.9,1,1
6331,2017-05-01,7:23:11,27.8,1,1
6335,2017-05-01,7:28:40,27.8,1,1
6339,2017-05-01,7:34:05,27.8,1,1
6343,2017-05-01,7:39:25,27.8,1,1
6347,2017-05-01,7:44:45,27.8,1,1
6351,2017-05-01,7:50:14,nan,1,1
6355,2017-05-01,7:55:40,nan,1,1
6359,2017-05-01,8:01:02,27.7,1,1
6363,2017-05-01,8:06:24,27.7,1,1
6367,2017-05-01,8:11:44,27.7,1,1
6371,2017-05-01,8:17:10,27.6,1,1
6375,2017-05-01,8:22:29,27.7,1,1
6379,2017-05-01,8:27:52,27.7,1,1
6383,2017-05-01,8:33:15,27.7,1,1
6387,2017-05-01,8:38:37,27.6,1,1
6391,2017-05-01,8:44:02,27.6,1,1
6395,2017-05-01,8:49:23,27.6,1,1
6399,2017-05-01,8:54:45,27.6,1,1
6403,2017-05-01,9:00:06,27.6,1,1
6407,2017-05-01,9:05:28,27.6,1,1
6411,2017-05-01,9:10:49,27.6,1,1
6415,2017-05-01,9:16:11,27.6,1,1
6419,2017-05-01,9:21:33,27.6,1,1
6423,2017-05-01,9:26:56,nan,1,1
6427,2017-05-01,9:38:15,27.6,1,1
6431,2017-05-01,9:43:38,27.6,1,1
6435,2017-05-01,9:49:16,27.6,1,1
6439,2017-05-01,9:54:39,27.6,1,1
6443,2017-05-01,10:00:06,27.6,1,1
6447,2017-05-01,10:05:28,27.6,1,1
6451,2017-05-01,10:10:51,27.5,1,1
6455,2017-05-01,10:16:13,27.6,1,1
6459,2017-05-01,10:21:35,27.5,1,1
6463,2017-05-01,10:27:00,27.5,1,1
6467,2017-05-01,10:32:22,27.5,1,1
6471,2017-05-01,10:37:43,27.5,1,1
6475,2017-05-01,10:43:05,27.4,1,1
6479,2017-05-01,10:48:25,27.5,1,1
6483,2017-05-01,10:53:49,27.5,1,1
6487,2017-05-01,10:59:11,27.5,1,1
6491,2017-05-02,5:07:04,nan,1,1
6495,2017-05-02,5:12:24,26.5,1,1
6499,2017-05-02,7:50:36,26.1,1,1
6503,2017-05-02,7:55:58,26.1,1,1
6507,2017-05-02,8:01:23,26.2,1,1
6511,2017-05-02,8:06:44,26.2,1,1
6515,2017-05-02,8:12:06,nan,1,1
6519,2017-05-02,12:26:48,27.1,1,1
6523,2017-05-02,12:32:08,27.3,1,1
6527,2017-05-02,12:37:30,27.2,1,1
6531,2017-05-02,12:42:52,27.3,1,1
6535,2017-05-02,12:48:15,27.4,1,1
6539,2017-05-02,12:53:36,27.4,1,1
6543,2017-05-02,12:59:00,27.4,1,1
6547,2017-05-02,1:04:40,27.5,1,1
6551,2017-05-02,1:10:34,27.5,1,1
6555,2017-05-02,1:15:53,27.5,1,1
6559,2017-05-02,1:21:14,27.5,1,1
6563,2017-05-02,1:26:34,27.5,1,1
6567,2017-05-02,1:31:54,27.4,1,1
6571,2017-05-02,1:37:20,27.4,1,1
6575,2017-05-02,1:42:40,27.4,1,1
6579,2017-05-02,1:47:58,27.4,1,1
6583,2017-05-02,1:53:19,27.3,1,1
6587,2017-05-02,1:58:38,27.3,1,1
6591,2017-05-02,2:03:57,nan,1,1
6595,2017-05-02,2:09:20,27.3,1,1
6599,2017-05-02,2:14:41,27.4,1,1
6603,2017-05-02,2:19:59,nan,1,1
6607,2017-05-02,2:25:19,27.5,1,1
6611,2017-05-02,2:30:41,27.5,1,1
6615,2017-05-02,2:36:04,27.6,1,1
6619,2017-05-02,2:41:23,nan,1,1
6623,2017-05-02,2:46:43,nan,1,1
6627,2017-05-02,2:52:02,27.5,1,1
6631,2017-05-02,2:57:22,27.5,1,1
6635,2017-05-02,3:02:42,27.5,1,1
6639,2017-05-02,3:08:00,27.4,1,1
6643,2017-05-02,3:13:19,27.3,1,1
6647,2017-05-02,3:18:39,27.3,1,1
6651,2017-05-02,3:23:59,27.3,1,1
6655,2017-05-02,3:29:19,27.3,1,1
6659,2017-05-02,3:34:39,27.3,1,1
6663,2017-05-02,4:09:40,nan,1,1
6667,2017-05-02,4:15:00,27.3,1,1
6671,2017-05-02,4:20:22,27.3,1,1
6675,2017-05-02,4:25:42,27.4,1,1
6679,2017-05-02,4:31:04,27.3,1,1
6683,2017-05-02,4:36:25,27.4,1,1
6687,2017-05-02,4:41:47,27.3,1,1
6691,2017-05-02,4:47:10,27.4,1,1
6695,2017-05-02,6:08:55,26.9,1,1
6699,2017-05-02,6:19:25,26.9,1,1
6703,2017-05-02,8:04:51,26.7,1,1
6707,2017-05-02,8:10:13,nan,1,1
6711,2017-05-02,8:15:38,26.7,1,1
6715,2017-05-02,8:21:01,26.7,1,1
6719,2017-05-02,8:26:23,26.7,1,1
6723,2017-05-02,8:31:46,nan,1,1
6727,2017-05-02,8:37:09,26.7,1,1
6731,2017-05-02,8:42:32,26.7,1,1
6735,2017-05-02,8:47:54,26.7,1,1
6739,2017-05-02,8:53:16,26.7,1,1
6743,2017-05-02,8:58:39,26.7,1,1
6747,2017-05-02,9:04:02,26.7,1,1
6751,2017-05-02,9:09:25,26.7,1,1
6755,2017-05-02,9:14:49,26.7,1,1
6759,2017-05-02,9:20:11,nan,1,1
6763,2017-05-02,9:25:35,26.7,1,1
6767,2017-05-02,9:31:00,26.7,1,1
6771,2017-05-02,9:36:27,26.7,1,1
6775,2017-05-02,9:41:54,26.7,1,1
6779,2017-05-02,9:47:18,26.7,1,1
6783,2017-05-02,9:52:41,26.7,1,1
6787,2017-05-02,9:58:04,26.6,1,1
6791,2017-05-02,10:03:26,nan,1,1
6795,2017-05-02,10:08:48,26.6,1,1
6799,2017-05-02,10:14:09,26.7,1,1
6803,2017-05-02,10:19:30,26.6,1,1
6807,2017-05-02,10:24:50,26.6,1,1
6811,2017-05-02,10:30:11,26.7,1,1
6815,2017-05-02,10:35:34,26.6,1,1
6819,2017-05-02,10:40:58,nan,0,1
6823,2017-05-03,6:11:26,25.3,0,1
6827,2017-05-03,6:41:54,25.2,0,1
6831,2017-05-03,7:13:09,25,0,1
6835,2017-05-03,8:03:58,25.1,1,1
6839,2017-05-03,12:42:30,26.1,1,1
6843,2017-05-03,12:47:52,26.2,1,1
6847,2017-05-03,12:53:13,26.2,1,1
6851,2017-05-03,2:39:30,26.5,1,1
6855,2017-05-03,2:44:50,26.6,1,1
6859,2017-05-03,2:50:09,26.5,1,1
6863,2017-05-03,2:55:29,26.5,1,1
6867,2017-05-03,3:00:50,nan,1,1
6871,2017-05-03,3:06:09,26.5,1,1
6873,2017-05-03,3:29:44,26.6,1,1
6877,2017-05-03,3:35:05,26.7,1,1
6881,2017-05-03,3:40:27,26.6,1,1
6885,2017-05-03,3:45:48,26.6,1,1
6889,2017-05-03,3:51:11,26.6,1,1
6893,2017-05-03,3:56:32,nan,1,1
6897,2017-05-03,4:01:55,26.7,1,1
6901,2017-05-03,4:07:16,26.7,1,1
6905,2017-05-03,4:10:13,26.7,1,1
6909,2017-05-03,4:15:34,26.7,1,1
6913,2017-05-03,4:20:56,26.7,1,1
6917,2017-05-03,4:26:19,26.7,1,1
6921,2017-05-03,4:31:39,nan,1,1
6925,2017-05-03,8:01:08,26.4,1,1
6929,2017-05-03,8:06:30,26.1,1,1
6933,2017-05-03,8:11:51,26.1,1,1
6937,2017-05-03,8:17:11,26.2,1,1
6941,2017-05-03,8:22:32,26.1,1,1
6945,2017-05-03,8:27:54,26.1,1,1
6949,2017-05-03,8:33:21,26.1,1,1
6953,2017-05-03,8:38:41,26.1,1,1
6957,2017-05-03,8:44:02,26.1,1,1
6961,2017-05-03,8:49:24,26.1,1,1
6965,2017-05-03,8:54:45,26.1,1,1
6969,2017-05-03,9:00:10,26.1,1,1
6973,2017-05-03,9:05:32,26.1,1,1
6977,2017-05-03,9:10:55,26.1,1,1
6981,2017-05-03,9:16:18,26.1,1,1
6985,2017-05-03,9:21:42,26.1,1,1
6989,2017-05-03,9:27:06,26,1,1
6993,2017-05-03,9:32:33,26,1,1
6997,2017-05-03,9:37:58,26,0,1
7001,2017-05-03,9:43:27,25.9,0,1
7005,2017-05-03,9:48:52,25.9,0,1
7009,2017-05-03,9:54:14,25.8,0,1
7013,2017-05-03,9:59:38,25.8,0,1
7017,2017-05-03,10:05:00,25.9,0,1
7021,2017-05-03,10:10:27,25.8,0,1
7025,2017-05-03,10:15:51,25.9,0,1
7029,2017-05-03,10:21:20,25.9,0,1
7033,2017-05-03,10:26:44,25.8,0,1
7037,2017-05-03,10:32:09,25.8,0,1
7041,2017-05-03,10:37:31,25.8,0,1
7045,2017-05-03,10:42:52,25.9,0,1
7049,2017-05-03,10:48:15,25.8,0,1
7053,2017-05-03,10:53:39,25.9,0,1
7057,2017-05-03,11:02:04,25.9,0,1
7061,2017-05-03,11:07:26,25.9,0,1
7065,2017-05-04,7:21:03,24.9,0,1
7069,2017-05-04,8:52:44,25.5,0,1
7073,2017-05-04,8:58:14,25.5,0,1
7077,2017-05-04,9:03:44,25.5,0,1
7081,2017-05-04,9:09:15,25.5,0,1
7085,2017-05-04,9:14:47,25.6,0,1
7089,2017-05-04,9:20:15,25.6,0,1
7093,2017-05-04,9:25:43,25.7,0,1
7097,2017-05-04,9:31:14,25.7,0,1
7101,2017-05-04,9:36:43,25.7,0,1
7105,2017-05-04,9:42:11,25.8,0,1
7109,2017-05-04,9:47:48,25.7,0,1
7113,2017-05-04,9:53:16,25.8,0,1
7117,2017-05-04,9:58:45,25.8,0,1
7121,2017-05-04,10:04:13,25.8,0,1
7125,2017-05-04,10:09:41,25.8,0,1
7129,2017-05-04,10:15:13,25.8,0,1
7133,2017-05-04,10:20:43,25.8,0,1
7137,2017-05-04,10:26:13,25.9,0,1
7141,2017-05-04,10:31:44,25.9,1,1
7145,2017-05-04,10:37:13,26,1,1
7149,2017-05-04,4:38:16,27.4,1,1
7152,2017-05-04,4:56:23,27.5,1,1
7156,2017-05-04,5:01:43,27.4,1,1
7160,2017-05-04,5:07:04,nan,1,1
7164,2017-05-04,5:12:24,27.6,1,1
7168,2017-05-04,5:17:44,27.5,1,1
7172,2017-05-04,5:23:04,27.5,1,1
7176,2017-05-04,5:28:24,27.4,1,1
7180,2017-05-04,5:33:49,27.4,1,1
7184,2017-05-04,5:39:12,27.4,1,1
7188,2017-05-04,5:44:34,nan,1,1
7192,2017-05-04,5:49:54,27.4,1,1
7196,2017-05-04,5:55:17,27.4,1,1
7200,2017-05-04,6:00:37,27.4,1,1
7204,2017-05-04,6:06:09,27.3,1,0
7208,2017-05-04,7:56:39,27,1,1
7212,2017-05-04,8:02:00,27,1,1
7216,2017-05-04,8:07:21,nan,1,1
7220,2017-05-04,8:12:48,27,1,1
7224,2017-05-04,8:18:10,27,1,1
7228,2017-05-04,8:23:34,27,1,1
7232,2017-05-04,8:28:57,27,1,1
7236,2017-05-04,8:34:19,27,1,1
7240,2017-05-04,8:39:40,27,1,1
7244,2017-05-04,8:45:04,27,1,1
7248,2017-05-04,8:50:28,27,1,1
7252,2017-05-04,8:55:51,26.9,1,1
7256,2017-05-04,9:01:11,27,1,1
7260,2017-05-04,9:06:36,27,1,1
7264,2017-05-04,9:12:08,27,1,1
7268,2017-05-04,9:17:51,27,1,1
7272,2017-05-04,9:23:32,27,1,1
7276,2017-05-04,9:29:17,27,1,1
7280,2017-05-04,9:34:57,27,1,1
7284,2017-05-04,9:40:33,26.9,1,1
7288,2017-05-04,9:46:02,26.9,1,1
7292,2017-05-04,9:51:25,26.9,1,1
7296,2017-05-04,9:56:50,26.9,1,1
7300,2017-05-04,10:02:15,26.8,1,1
7304,2017-05-04,10:07:43,26.9,1,1
7308,2017-05-04,10:13:08,26.8,1,1
7312,2017-05-04,10:18:35,26.8,1,1
7316,2017-05-04,10:24:01,26.8,0,1
7320,2017-05-05,9:10:52,25.8,1,1
7324,2017-05-05,9:16:13,26.2,1,1
7328,2017-05-05,9:21:33,26.2,1,1
7332,2017-05-05,9:26:54,26.3,1,1
7336,2017-05-05,9:32:16,26.3,1,1
7340,2017-05-05,9:37:36,26.3,1,1
7344,2017-05-05,9:42:57,26.4,1,1
7348,2017-05-05,9:48:19,26.4,1,1
7352,2017-05-05,9:53:42,26.4,1,1
7356,2017-05-05,11:42:15,26.8,1,1
7360,2017-05-05,11:47:33,26.8,1,1
7364,2017-05-05,11:52:52,26.8,1,1
7368,2017-05-05,11:57:31,26.8,1,1
7372,2017-05-05,12:02:49,26.8,1,1
7376,2017-05-05,12:08:07,nan,1,1
7380,2017-05-05,12:13:26,26.9,1,1
7384,2017-05-05,12:18:44,26.9,1,1
7388,2017-05-05,12:24:01,26.9,1,1
7392,2017-05-05,12:29:18,nan,1,1
7396,2017-05-05,12:34:36,nan,1,1
7400,2017-05-05,12:39:55,27,1,1
7404,2017-05-05,12:45:15,27,1,1
7408,2017-05-05,12:50:36,27,1,1
7412,2017-05-05,1:01:51,27.1,1,1
7416,2017-05-05,1:07:09,27.1,1,1
7420,2017-05-05,1:12:30,27.2,1,1
7424,2017-05-05,1:17:49,27.3,1,1
7428,2017-05-05,1:23:09,27.3,1,1
7432,2017-05-05,1:28:28,27.3,1,1
7436,2017-05-05,1:33:48,nan,1,1
7440,2017-05-05,1:39:06,27.3,1,1
7444,2017-05-05,1:44:28,27.4,1,1
7448,2017-05-05,1:49:47,27.4,1,1
7452,2017-05-05,1:55:12,27.4,1,1
7456,2017-05-05,2:00:32,27.4,1,1
7460,2017-05-05,2:05:51,27.5,1,1
7464,2017-05-05,2:11:09,27.5,1,1
7468,2017-05-05,2:16:29,27.5,1,1
7472,2017-05-05,2:21:49,27.5,1,1
7476,2017-05-05,6:30:09,27.5,1,1
7480,2017-05-05,6:40:52,27.5,1,1
7484,2017-05-05,6:46:11,27.5,1,1
7488,2017-05-05,6:51:37,27.4,1,1
7492,2017-05-05,6:57:03,27.4,1,1
7496,2017-05-05,7:02:26,27.4,1,1
7500,2017-05-05,7:07:54,27.4,1,1
7504,2017-05-05,7:13:15,27.5,1,1
7508,2017-05-05,7:28:48,27.4,1,1
7512,2017-05-05,7:34:12,nan,1,1
7516,2017-05-05,7:39:37,27.4,1,1
7520,2017-05-05,7:45:04,27.3,1,1
7524,2017-05-05,7:50:29,27.4,1,1
7528,2017-05-05,7:55:50,27.3,1,1
7532,2017-05-05,8:01:09,27.3,1,1
7536,2017-05-05,8:06:31,27.3,1,1
7540,2017-05-05,8:11:52,27.2,1,1
7544,2017-05-05,8:17:13,nan,1,1
7548,2017-05-05,8:22:34,27.2,1,1
7552,2017-05-05,8:27:56,27.2,1,1
7556,2017-05-05,8:33:17,27.2,1,1
7560,2017-05-05,8:38:38,nan,1,1
7564,2017-05-05,8:43:58,27.2,1,1
7568,2017-05-05,8:49:18,27.1,1,1
7572,2017-05-05,8:54:40,27.1,1,1
7576,2017-05-05,9:00:01,27.1,1,1
7580,2017-05-05,9:05:23,nan,1,1
7584,2017-05-05,9:10:45,27.1,1,1
7588,2017-05-05,9:16:07,27.2,1,1
7592,2017-05-05,9:21:27,27.1,1,1
7596,2017-05-05,9:26:48,27.1,1,1
7600,2017-05-05,9:32:10,27.1,1,1
7604,2017-05-05,9:37:36,27.1,1,1
7608,2017-05-05,9:42:58,27.1,1,1
7612,2017-05-05,9:48:33,27.1,1,1
7616,2017-05-05,9:53:55,27.1,1,1
7620,2017-05-05,9:59:17,27.1,1,1
7624,2017-05-05,10:04:40,27.1,1,1
7628,2017-05-05,10:10:05,27.1,1,1
7632,2017-05-05,10:15:27,27.1,1,1
7636,2017-05-05,10:20:50,27.1,1,1
7640,2017-05-05,10:26:13,27.1,1,1
7644,2017-05-05,10:31:34,27.1,1,1
7648,2017-05-05,10:36:54,27.1,1,1
7652,2017-05-05,10:42:15,27.1,1,1
7656,2017-05-05,10:47:36,27.1,1,1
7660,2017-05-05,10:52:57,27.1,1,1
7664,2017-05-05,10:58:18,27.1,1,1
7668,2017-05-05,11:03:40,27.1,1,1
7672,2017-05-05,11:09:18,27.1,1,1
7676,2017-05-05,11:14:42,27.1,1,1
7680,2017-05-05,11:20:06,27.1,1,1
7684,2017-05-05,11:25:28,27.1,1,1
7688,2017-05-05,11:30:52,27.1,1,1
7692,2017-05-05,11:36:13,27,1,1
7696,2017-05-05,11:41:36,27,1,1
7700,2017-05-05,11:46:59,27,1,1
7704,2017-05-05,11:52:29,27,1,1
7708,2017-05-05,11:57:49,27,1,1
7712,2017-05-06,12:08:08,26.9,1,1
7716,2017-05-06,12:18:28,26.9,1,1
7720,2017-05-06,6:21:08,26,1,1
7724,2017-05-06,6:42:23,26,1,1
7728,2017-05-06,7:33:49,26,1,1
7732,2017-05-06,8:04:53,26,1,1
7736,2017-05-06,8:10:34,26,1,1
7742,2017-05-06,1:36:58,27,1,0
7746,2017-05-06,1:42:14,27.1,1,0
7750,2017-05-06,1:47:33,nan,1,0
7754,2017-05-06,1:52:51,nan,1,0
7758,2017-05-06,1:58:09,27.2,1,1
7762,2017-05-06,3:08:47,27.4,1,1
7766,2017-05-06,3:14:03,27.5,1,1
7770,2017-05-06,3:19:20,27.5,1,1
7774,2017-05-06,3:24:38,27.4,1,1
7778,2017-05-06,3:29:54,27.4,1,1
7782,2017-05-06,3:35:12,nan,1,1
7786,2017-05-06,3:40:28,27.4,1,1
7790,2017-05-06,3:45:46,27.5,1,1
7794,2017-05-06,3:56:03,27.4,1,1
7798,2017-05-06,4:06:33,27.4,1,1
7802,2017-05-06,5:29:18,27.1,1,1
7806,2017-05-06,5:34:40,27.1,1,1
7810,2017-05-06,5:40:00,27.1,1,1
7814,2017-05-06,5:45:21,27.1,1,1
7818,2017-05-06,5:50:44,27.1,1,1
7822,2017-05-06,5:56:27,27.1,1,1
7826,2017-05-06,6:07:01,27.1,1,1
7830,2017-05-06,6:12:23,27.1,1,1
7834,2017-05-06,6:17:44,27.1,1,1
7838,2017-05-06,6:28:05,27.1,1,1
7842,2017-05-06,6:38:40,27.1,1,1
7846,2017-05-06,6:44:15,27.1,1,1
7850,2017-05-06,6:54:36,27.1,1,1
7854,2017-05-06,7:00:09,nan,1,1
7858,2017-05-06,7:15:29,nan,1,1
7862,2017-05-06,7:59:22,27,1,1
7866,2017-05-06,8:04:41,26.8,1,1
7870,2017-05-06,8:10:02,26.8,1,1
7874,2017-05-06,8:15:25,26.8,1,1
7878,2017-05-06,8:20:43,26.8,1,1
7882,2017-05-06,8:26:02,26.8,1,1
7886,2017-05-06,8:31:21,26.8,1,1
7890,2017-05-06,8:36:39,26.8,1,1
7894,2017-05-06,8:41:59,26.8,1,1
7898,2017-05-06,8:47:19,26.8,1,1
7902,2017-05-06,8:52:38,26.8,1,1
7906,2017-05-06,8:57:58,26.8,1,1
7910,2017-05-06,9:03:19,26.8,1,1
7914,2017-05-06,9:08:41,26.8,1,1
7918,2017-05-06,9:14:00,26.8,1,1
7922,2017-05-06,9:19:21,26.8,1,1
7926,2017-05-06,9:24:42,26.7,1,1
7930,2017-05-06,9:30:02,26.7,1,1
7934,2017-05-06,9:35:22,26.7,1,1
7938,2017-05-06,9:40:46,26.7,1,1
7942,2017-05-06,9:46:05,26.7,1,1
7946,2017-05-06,9:51:24,26.7,1,1
7950,2017-05-06,9:56:46,nan,1,1
7954,2017-05-06,10:02:06,26.7,1,1
7958,2017-05-06,10:07:36,26.7,1,1
7962,2017-05-06,10:13:19,26.7,1,1
7966,2017-05-06,10:18:46,26.7,1,1
7970,2017-05-06,10:24:07,26.7,1,1
7974,2017-05-06,10:29:27,26.7,1,1
7978,2017-05-06,10:34:51,26.7,1,1
7982,2017-05-06,10:40:11,26.7,1,1
7986,2017-05-06,10:45:30,26.7,1,1
7990,2017-05-06,10:50:49,26.7,1,1
7994,2017-05-06,10:56:09,26.7,1,1
7998,2017-05-06,11:01:30,nan,1,1
8002,2017-05-06,11:06:53,26.6,1,1
8006,2017-05-06,11:12:14,26.6,1,1
8010,2017-05-06,11:22:39,nan,1,1
8014,2017-05-06,11:38:22,26.6,1,1
8018,2017-05-06,11:43:44,26.5,1,1
8022,2017-05-06,11:49:16,26.5,1,1
8026,2017-05-07,7:26:01,nan,0,1
8030,2017-05-07,7:41:43,25.7,0,1
8034,2017-05-07,7:52:39,25.6,0,1
8038,2017-05-07,8:23:18,25.8,0,1
8042,2017-05-07,8:28:53,25.8,1,1
8046,2017-05-07,8:35:40,nan,0,1
8050,2017-05-07,8:41:08,25.9,1,1
8054,2017-05-07,8:46:36,26,1,1
8058,2017-05-07,8:52:07,26,1,1
8062,2017-05-07,8:57:38,26,1,1
8066,2017-05-07,9:03:08,26.1,1,1
8070,2017-05-07,9:08:38,26.1,1,1
8074,2017-05-07,9:14:09,26.2,1,1
8078,2017-05-07,9:19:42,26.2,1,1
8082,2017-05-07,9:25:09,26.3,1,1
8086,2017-05-07,9:30:38,26.3,1,1
8090,2017-05-07,9:36:09,26.4,1,1
8094,2017-05-07,9:41:39,26.4,1,1
8098,2017-05-07,9:47:07,26.5,1,1
8102,2017-05-07,9:52:37,26.5,1,1
8106,2017-05-07,9:58:07,26.6,1,1
8110,2017-05-07,10:03:39,26.7,1,1
8114,2017-05-07,10:09:09,26.7,1,1
8118,2017-05-07,10:14:38,26.7,1,1
8122,2017-05-07,10:20:07,26.8,1,1
8126,2017-05-07,10:25:38,26.8,1,1
8130,2017-05-07,10:31:07,26.9,1,1
8134,2017-05-07,10:36:35,26.9,1,1
8138,2017-05-07,10:42:06,26.9,1,1
8142,2017-05-07,10:47:36,27,1,1
8146,2017-05-07,10:53:07,27,1,1
8150,2017-05-07,10:58:37,27,1,1
8154,2017-05-07,11:04:09,27,1,1
8158,2017-05-07,11:09:37,27,1,1
8162,2017-05-07,11:15:07,27,1,1
8166,2017-05-07,11:20:37,27,1,1
8170,2017-05-07,11:26:06,27,1,1
8174,2017-05-07,12:01:44,27.1,1,1
8178,2017-05-07,12:07:03,27.3,1,1
8182,2017-05-07,12:12:23,27.2,1,1
8186,2017-05-07,12:17:42,27.2,1,1
8190,2017-05-07,12:23:07,27.2,1,1
8194,2017-05-07,12:28:28,27.2,1,1
8198,2017-05-07,12:33:49,27.2,1,1
8202,2017-05-07,12:39:07,27.3,1,1
8206,2017-05-07,12:44:29,27.3,1,1
8210,2017-05-07,12:49:47,27.3,1,1
8214,2017-05-07,12:55:07,27.3,1,1
8218,2017-05-07,1:00:25,27.3,1,1
8222,2017-05-07,1:05:44,27.2,1,1
8226,2017-05-07,1:11:03,27.3,1,1
8230,2017-05-07,1:16:26,27.4,1,1
8234,2017-05-07,2:09:22,27.5,1,1
8238,2017-05-07,4:30:55,26.9,1,0
8242,2017-05-07,4:36:12,26.9,1,1
8246,2017-05-07,4:41:32,26.9,1,1
8250,2017-05-07,4:46:52,26.9,1,1
8254,2017-05-07,4:52:09,26.8,1,1
8258,2017-05-07,4:57:46,26.8,1,1
8262,2017-05-07,5:18:34,26.8,1,1
8266,2017-05-07,5:23:56,26.7,1,1
8270,2017-05-07,6:13:53,26.7,1,1
8274,2017-05-07,6:19:14,26.7,1,1
8278,2017-05-07,6:29:40,26.7,1,1
8282,2017-05-07,6:40:23,26.7,1,1
8286,2017-05-07,6:50:47,26.7,1,1
8290,2017-05-07,6:56:09,26.7,1,1
8294,2017-05-07,7:01:32,26.6,1,1
8298,2017-05-07,7:07:18,26.6,1,1
8302,2017-05-07,7:17:46,nan,1,1
8306,2017-05-07,7:23:09,26.5,1,1
8310,2017-05-07,7:28:28,26.6,1,1
8314,2017-05-07,7:33:49,26.5,1,1
8318,2017-05-07,7:39:09,26.5,1,1
8322,2017-05-07,7:44:33,26.5,1,1
8326,2017-05-07,7:49:55,nan,1,1
8330,2017-05-07,7:55:15,nan,1,1
8334,2017-05-07,8:00:36,26.5,1,1
8338,2017-05-07,8:05:57,26.5,1,1
8342,2017-05-07,8:11:17,26.5,1,1
8346,2017-05-07,8:16:38,26.5,1,1
8350,2017-05-07,8:21:59,26.5,1,1
8354,2017-05-07,8:27:20,nan,1,1
8358,2017-05-07,8:32:47,nan,1,1
8362,2017-05-07,8:44:38,26.5,1,1
8366,2017-05-07,8:49:57,26.5,1,1
8370,2017-05-07,8:55:18,26.5,1,1
8374,2017-05-07,9:00:38,26.5,1,1
8378,2017-05-07,9:05:57,26.4,1,1
8382,2017-05-07,9:11:20,26.4,1,1
8386,2017-05-07,9:16:42,26.4,1,1
8390,2017-05-07,9:22:04,26.4,1,1
8394,2017-05-07,9:27:31,26.4,1,1
8398,2017-05-07,9:32:51,26.4,1,1
8402,2017-05-07,9:38:13,26.4,1,1
8406,2017-05-07,9:43:32,26.4,1,1
8410,2017-05-07,9:48:54,26.4,1,1
8414,2017-05-07,9:54:12,26.4,1,1
8418,2017-05-07,9:59:33,26.4,1,1
8422,2017-05-07,10:04:54,26.4,1,1
8426,2017-05-07,10:10:16,26.3,1,1
8430,2017-05-07,10:15:36,26.3,1,1
8434,2017-05-07,10:20:56,26.3,1,1
8438,2017-05-07,10:26:15,26.3,1,1
8442,2017-05-07,10:31:35,26.3,1,1
8446,2017-05-07,10:36:55,26.3,1,1
8450,2017-05-07,10:42:14,nan,1,1
8454,2017-05-07,10:47:35,26.3,1,1
8458,2017-05-07,10:52:56,26.3,1,1
8462,2017-05-07,10:58:15,26.3,1,1
8466,2017-05-07,11:03:36,26.3,1,1
8470,2017-05-07,11:08:57,26.2,1,1
8474,2017-05-07,11:14:18,26.3,1,1
8478,2017-05-07,11:19:41,nan,1,1
8482,2017-05-07,11:25:01,26.3,1,1
8486,2017-05-07,11:30:22,nan,1,1
8490,2017-05-07,11:35:41,26.2,1,1
8494,2017-05-07,11:41:01,26.2,1,1
8498,2017-05-07,11:46:19,26.2,1,1
8502,2017-05-08,12:07:27,26.1,1,1
8506,2017-05-08,12:48:42,26,0,1
8510,2017-05-08,6:41:51,25.1,0,1
8514,2017-05-08,7:43:03,25.1,1,1
8518,2017-05-08,10:35:13,26.1,1,1
8522,2017-05-08,10:40:38,26.1,1,1
8526,2017-05-08,10:46:06,26.2,1,1
8530,2017-05-08,10:51:38,26.2,1,1
8534,2017-05-08,10:57:05,26.2,1,1
8538,2017-05-08,11:02:31,26.2,1,1
8542,2017-05-08,11:07:59,26.3,1,1
8546,2017-05-08,11:13:26,26.3,1,1
8550,2017-05-08,11:18:53,26.3,1,1
8554,2017-05-08,11:24:19,26.3,1,1
8558,2017-05-08,11:29:44,26.4,1,1
8562,2017-05-08,11:35:11,26.5,1,1
8566,2017-05-08,11:40:38,26.5,1,1
8570,2017-05-08,11:46:10,26.5,1,1
8574,2017-05-08,11:51:34,26.6,1,1
8578,2017-05-08,11:57:00,26.7,1,1
8582,2017-05-08,12:02:25,26.7,1,1
8586,2017-05-08,12:07:49,26.7,1,1
8590,2017-05-08,12:13:14,26.7,1,1
8594,2017-05-08,12:18:41,26.7,1,1
8598,2017-05-08,2:10:54,26.7,1,1
8602,2017-05-08,2:16:12,26.7,1,1
8606,2017-05-08,2:21:32,26.6,1,1
8610,2017-05-08,2:26:49,26.6,1,1
8614,2017-05-08,2:32:06,26.6,1,1
8618,2017-05-08,2:37:22,26.6,1,1
8622,2017-05-08,2:42:40,26.6,1,1
8626,2017-05-08,4:46:41,nan,1,1
8630,2017-05-08,5:42:18,26.3,1,1
8634,2017-05-08,5:47:38,26.3,1,1
8638,2017-05-08,5:52:58,26.3,1,1
8642,2017-05-08,5:58:18,nan,1,1
8646,2017-05-08,6:03:40,26.3,1,1
8650,2017-05-08,6:09:00,26.3,1,1
8654,2017-05-08,6:14:24,26.3,1,1
8658,2017-05-08,6:19:45,26.4,1,1
8662,2017-05-08,6:25:10,26.4,1,1
8666,2017-05-11,12:17:55,27,1,0
8670,2017-05-11,12:18:54,27,1,0
8674,2017-05-11,12:22:06,nan,1,0
8678,2017-05-11,12:38:39,27.2,1,0
8683,2017-05-11,12:40:56,27.3,1,0
8687,2017-05-11,12:46:19,27.4,1,0
8691,2017-05-11,1:31:27,27,1,0
8695,2017-05-11,1:32:23,27.1,1,0
8699,2017-05-11,1:42:57,27.2,1,0
8703,2017-05-11,1:48:31,27.2,1,0
8707,2017-05-11,1:53:53,27.2,1,1
8710,2017-05-11,1:54:12,27.3,1,1
8714,2017-05-11,1:59:32,27.3,1,1
8718,2017-05-11,2:09:56,27.4,1,1
8722,2017-05-11,2:27:44,27.4,1,1
8726,2017-05-11,2:32:07,nan,1,0
8732,2017-05-11,2:37:01,nan,1,0
8736,2017-05-11,2:42:21,27.2,1,0
8742,2017-05-11,2:43:44,27.3,0,1
8747,2017-05-11,2:50:35,23.4,1,1
8750,2017-05-11,2:50:53,27.2,1,1
8754,2017-05-11,2:52:15,27,1,1
8758,2017-05-11,2:52:40,27.4,1,0
8762,2017-05-11,2:54:41,27.3,1,0
8766,2017-05-11,2:55:52,27.3,1,0
8770,2017-05-11,3:00:11,27,1,0
8774,2017-05-11,3:05:31,27.2,1,0
8778,2017-05-11,3:10:53,26.7,1,0
8782,2017-05-11,3:16:13,26.4,1,0
8786,2017-05-11,3:21:36,26.4,1,0
8790,2017-05-11,3:27:06,26.4,1,1
8794,2017-05-11,3:32:28,26.4,1,1
8798,2017-05-11,3:37:48,26.5,1,1
8802,2017-05-11,3:43:09,26.6,1,1
8806,2017-05-11,3:48:31,26.6,0,1
8810,2017-05-11,3:53:51,25.1,1,1
8814,2017-05-11,3:59:12,26.6,1,1
8818,2017-05-11,4:04:37,26.6,1,1
8822,2017-05-11,4:09:57,26.6,1,1
8826,2017-05-11,4:15:18,26.6,1,1
8830,2017-05-11,4:20:39,nan,1,1
8834,2017-05-11,4:26:00,26.7,1,1
8838,2017-05-11,4:31:21,26.8,1,1
8842,2017-05-11,4:36:42,26.9,1,1
8846,2017-05-11,4:42:06,26.9,1,1
8850,2017-05-11,4:47:34,27,1,1
8854,2017-05-11,4:57:58,nan,1,1
8858,2017-05-11,5:29:35,nan,1,1
8862,2017-05-11,6:10:46,27,1,1
8866,2017-05-11,6:16:06,27,1,1
8870,2017-05-11,7:23:12,26.8,1,1
8874,2017-05-11,7:39:28,26.8,1,1
8878,2017-05-11,8:00:26,nan,1,1
8882,2017-05-11,8:10:56,nan,1,1
8886,2017-05-11,8:21:40,26.9,1,1
8890,2017-05-11,8:58:29,nan,1,1
8894,2017-05-11,9:14:07,26.8,1,1
8898,2017-05-11,9:24:34,26.8,1,1
8902,2017-05-11,9:30:46,26.7,1,1
8906,2017-05-11,9:36:11,26.7,1,1
8910,2017-05-11,9:41:43,26.7,1,1
8914,2017-05-11,9:52:23,26.6,1,1
8918,2017-05-11,9:58:02,26.5,1,1
8922,2017-05-11,10:03:48,nan,1,1
8926,2017-05-11,10:20:25,26.7,1,1
8930,2017-05-11,10:35:57,26.7,1,1
8934,2017-05-11,11:02:19,26.7,1,1
8938,2017-05-12,12:16:30,26.5,1,1
8942,2017-05-12,12:33:01,26.5,1,1
8946,2017-05-12,12:38:43,26.4,1,1
8950,2017-05-12,1:04:52,26.4,1,1
8954,2017-05-12,1:20:50,26.4,1,1
8958,2017-05-12,1:31:35,26.3,0,1
8962,2017-05-12,8:38:49,25.5,0,1
8966,2017-05-12,8:44:15,25.5,0,1
8970,2017-05-12,8:49:42,25.5,0,1
8974,2017-05-12,8:55:09,25.5,0,1
8978,2017-05-12,9:00:36,25.6,0,0
8982,2017-05-12,9:06:02,25.6,0,1
8986,2017-05-12,9:11:29,25.7,0,1
8990,2017-05-12,9:16:55,25.8,0,1
8994,2017-05-12,9:22:24,25.8,0,1
8998,2017-05-12,9:27:50,25.8,0,1
9002,2017-05-12,9:33:19,25.9,1,1
9006,2017-05-12,9:38:46,nan,1,1
9010,2017-05-12,9:44:11,26,1,1
9014,2017-05-12,9:49:39,nan,1,1
9018,2017-05-12,9:55:12,26,1,1
9022,2017-05-12,10:00:40,26,1,1
9026,2017-05-12,10:06:07,26.1,0,1
9030,2017-05-12,10:11:35,25.9,0,1
9034,2017-05-12,10:17:04,25.8,0,1
9038,2017-05-12,10:22:33,25.8,0,1
9042,2017-05-12,10:28:02,25.8,0,1
9046,2017-05-12,10:33:29,25.8,0,1
9050,2017-05-12,10:38:57,25.8,0,1
9054,2017-05-12,10:44:25,25.9,1,1
9058,2017-05-12,10:49:52,nan,0,1
9062,2017-05-12,10:55:19,23,1,1
9066,2017-05-12,11:00:45,26.1,1,1
9070,2017-05-12,11:06:11,26.1,1,1
9074,2017-05-12,11:11:37,26.2,1,1
9078,2017-05-12,11:17:04,26.2,1,1
9082,2017-05-12,11:22:30,26.2,1,1
9086,2017-05-12,11:27:56,26.3,1,1
9090,2017-05-12,11:33:24,26.4,1,1
9094,2017-05-12,11:38:50,26.4,1,1
9098,2017-05-12,11:44:17,26.4,1,1
9102,2017-05-12,11:49:41,26.5,1,1
9106,2017-05-12,11:55:08,26.6,1,1
9110,2017-05-12,12:00:35,26.5,1,1
9114,2017-05-12,12:06:02,26.6,1,1
9118,2017-05-12,12:11:28,26.6,1,1
9121,2017-05-12,12:16:59,26.6,1,1
9125,2017-05-12,12:22:40,26.7,1,1
9129,2017-05-12,12:28:12,26.7,0,1
9133,2017-05-12,12:33:49,18.9,1,1
9137,2017-05-12,12:39:22,26.8,1,1
9141,2017-05-12,12:45:01,26.9,1,1
9145,2017-05-12,12:50:40,27,1,1
9149,2017-05-12,12:56:12,27.2,1,1
9153,2017-05-12,1:01:49,27.3,1,1
9157,2017-05-12,1:07:29,27.5,1,1
9160,2017-05-12,1:11:43,nan,1,1
9164,2017-05-12,1:17:22,27.5,1,1
9168,2017-05-12,1:22:54,27.9,1,1
9172,2017-05-12,1:28:30,26.2,1,1
9176,2017-05-12,1:34:15,27.8,1,1
9180,2017-05-12,1:40:02,27.7,1,1
9184,2017-05-12,1:45:38,27.7,1,1
9188,2017-05-12,1:51:16,27.6,1,1
9192,2017-05-12,5:17:02,26.6,1,1
9196,2017-05-12,5:37:33,26.6,1,1
9200,2017-05-12,5:43:00,26.6,1,1
9204,2017-05-12,5:48:27,26.7,1,1
9208,2017-05-12,6:11:08,26.8,1,1
9212,2017-05-12,6:57:01,26.6,1,1
9216,2017-05-12,7:08:17,26.6,1,1
9220,2017-05-12,7:13:39,nan,1,1
9224,2017-05-12,7:19:08,26.6,1,1
9228,2017-05-12,7:34:57,26.6,1,1
9232,2017-05-12,7:45:14,26.7,1,1
9236,2017-05-12,7:50:36,26.6,1,1
9240,2017-05-12,7:55:59,26.5,1,1
9244,2017-05-12,8:01:19,26.5,1,1
9248,2017-05-12,8:06:38,26.5,1,1
9252,2017-05-12,8:12:22,26.5,1,1
9256,2017-05-12,8:17:43,26.5,1,1
9260,2017-05-12,8:23:09,26.5,1,1
9264,2017-05-12,8:28:31,26.5,1,1
9268,2017-05-12,8:33:52,26.5,1,1
9272,2017-05-12,8:39:11,26.5,1,1
9276,2017-05-12,8:44:33,26.5,1,1
9280,2017-05-12,8:49:52,26.6,1,1
9284,2017-05-12,8:55:16,26.5,1,1
9288,2017-05-12,9:00:37,26.5,1,1
9292,2017-05-12,9:06:01,26.4,1,1
9296,2017-05-12,9:11:22,26.4,1,1
9300,2017-05-12,9:16:45,26.4,1,1
9304,2017-05-12,9:22:07,26.4,1,1
9308,2017-05-12,9:27:28,26.4,1,1
9312,2017-05-12,9:32:47,26.4,1,1
9316,2017-05-12,9:38:06,26.4,1,1
9320,2017-05-12,9:43:28,26.4,1,1
9324,2017-05-12,9:48:50,26.4,1,1
9328,2017-05-12,9:54:15,nan,1,1
9332,2017-05-12,9:59:46,26.4,1,1
9336,2017-05-12,10:05:06,26.4,1,1
9340,2017-05-12,10:10:28,26.4,1,1
9344,2017-05-12,10:15:47,26.4,1,1
9348,2017-05-12,10:21:14,26.7,1,1
9352,2017-05-12,10:26:39,26.4,1,1
9356,2017-05-12,10:31:59,26.4,1,1
9360,2017-05-12,10:37:18,26.5,1,1
9364,2017-05-12,10:42:49,26.4,1,1
9368,2017-05-12,10:48:09,nan,1,1
9372,2017-05-12,10:53:31,26.4,1,1
9376,2017-05-12,10:58:52,nan,1,1
9380,2017-05-12,11:04:11,26.4,1,1
9384,2017-05-12,11:19:37,26.4,1,1
9388,2017-05-12,11:25:02,26.4,1,1
9392,2017-05-12,11:30:28,nan,1,1
9396,2017-05-13,1:15:23,nan,1,1
9400,2017-05-13,1:20:51,26.2,1,1
9404,2017-05-13,1:26:26,26.2,1,1
9408,2017-05-13,2:17:59,26.1,0,1
9412,2017-05-13,9:42:28,25.8,1,1
9416,2017-05-13,9:47:49,nan,1,1
9420,2017-05-13,9:53:09,26.1,1,1
9424,2017-05-13,9:58:29,26.1,1,1
9428,2017-05-13,10:03:50,26.2,1,1
9432,2017-05-13,10:09:09,26.3,1,1
9436,2017-05-13,10:14:30,26.2,1,1
9440,2017-05-13,10:19:49,26.1,1,1
9444,2017-05-13,10:25:10,26.1,0,1
9448,2017-05-13,10:30:28,25.9,1,1
9452,2017-05-13,10:35:48,26.2,1,1
9456,2017-05-13,10:41:12,26.5,1,1
9460,2017-05-13,10:46:32,26.6,1,1
9464,2017-05-13,10:51:54,26.7,1,1
9468,2017-05-13,10:57:12,26.8,1,1
9472,2017-05-13,11:02:32,26.8,1,1
9476,2017-05-13,11:07:51,26.8,1,1
9480,2017-05-13,11:18:18,26.9,1,1
9484,2017-05-13,11:23:36,27,1,1
9488,2017-05-13,11:28:57,27.1,1,1
9492,2017-05-13,11:35:38,nan,1,1
9496,2017-05-13,11:40:59,nan,1,1
9500,2017-05-13,11:43:01,27.2,1,0
9504,2017-05-13,11:46:24,27.2,1,1
9508,2017-05-13,11:51:42,27.2,1,1
9512,2017-05-13,11:57:04,27.3,1,1
9516,2017-05-13,12:02:25,27.3,1,1
9520,2017-05-13,12:07:45,27.4,1,1
9524,2017-05-13,12:13:07,27.5,1,1
9528,2017-05-13,12:18:29,27.5,1,1
9532,2017-05-13,12:23:49,27.5,1,1
9536,2017-05-13,12:29:09,27.6,1,1
9540,2017-05-13,12:34:30,27.6,1,1
9544,2017-05-13,12:39:49,nan,1,1
9548,2017-05-13,12:45:11,27.7,1,1
9552,2017-05-13,12:50:32,27.8,1,1
9556,2017-05-13,12:55:53,27.8,1,1
9560,2017-05-13,1:01:14,27.8,1,1
9564,2017-05-13,1:06:35,27.9,1,1
9568,2017-05-13,1:11:56,27.9,1,1
9572,2017-05-13,1:17:17,28,1,1
9576,2017-05-13,1:22:38,28,1,1
9580,2017-05-13,1:28:01,28,1,1
9584,2017-05-13,1:33:21,28,1,1
9588,2017-05-13,1:38:39,28.2,1,1
9592,2017-05-13,1:43:59,28.2,1,1
9596,2017-05-13,1:49:21,nan,1,1
9600,2017-05-13,1:54:41,27.9,1,1
9604,2017-05-13,2:00:02,28,1,1
9608,2017-05-13,2:05:22,28,1,1
9612,2017-05-13,2:10:41,nan,1,1
9616,2017-05-13,2:16:00,28,1,1
9620,2017-05-13,2:21:23,nan,1,1
9624,2017-05-13,2:26:44,28.1,1,1
9628,2017-05-13,2:32:12,28.1,1,1
9632,2017-05-13,2:37:33,28.1,1,1
9636,2017-05-13,2:42:51,28.1,1,1
9640,2017-05-13,2:48:10,28.1,1,1
9644,2017-05-13,2:53:29,nan,1,1
9648,2017-05-13,2:58:53,nan,1,1
9652,2017-05-13,3:04:13,28.3,1,1
9656,2017-05-13,3:09:31,28.4,1,1
9660,2017-05-13,3:14:50,28.4,1,1
9664,2017-05-13,3:20:11,28.5,1,1
9668,2017-05-13,3:25:30,nan,1,1
9672,2017-05-13,3:30:49,28.5,1,1
9676,2017-05-13,3:36:08,28.5,1,1
9680,2017-05-13,3:41:28,28.5,1,1
9684,2017-05-13,3:46:50,nan,1,1
9688,2017-05-13,3:52:10,28.5,1,1
9692,2017-05-13,3:57:29,28.5,1,1
9696,2017-05-13,4:02:52,nan,1,1
9700,2017-05-13,4:08:10,28.5,1,1
9704,2017-05-13,4:13:31,nan,1,1
9708,2017-05-13,4:18:51,28.5,1,1
9712,2017-05-13,4:24:12,28.5,1,1
9716,2017-05-13,4:29:35,28.5,1,1
9720,2017-05-13,6:40:35,27.6,1,1
9724,2017-05-13,6:45:52,27.6,1,1
9728,2017-05-13,6:51:47,27.6,1,1
9732,2017-05-13,6:57:17,nan,1,1
9736,2017-05-13,9:07:13,nan,1,1
9740,2017-05-13,9:12:34,26.9,1,1
9744,2017-05-13,9:17:59,27.2,1,1
9748,2017-05-13,9:23:19,27,1,1
9752,2017-05-13,9:28:42,27.1,1,1
9756,2017-05-13,9:34:02,27.1,1,1
9760,2017-05-13,9:39:30,27.2,1,1
9764,2017-05-13,9:44:52,27.2,1,1
9768,2017-05-13,9:50:12,27.2,1,1
9772,2017-05-13,9:55:33,27.1,1,1
9776,2017-05-13,10:00:56,27,1,1
9780,2017-05-13,10:06:18,26.8,1,1
9784,2017-05-13,10:11:41,nan,1,1
9788,2017-05-13,10:17:05,26.6,1,1
9792,2017-05-13,10:22:26,26.7,1,1
9796,2017-05-13,10:27:45,26.8,1,1
9800,2017-05-13,10:33:06,27,1,1
9804,2017-05-13,10:38:26,27,1,1
9808,2017-05-13,10:43:59,27,1,1
9812,2017-05-13,10:49:22,26.9,1,1
9816,2017-05-13,10:54:47,27,1,1
9821,2017-05-13,11:01:04,27,0,1
9825,2017-05-14,8:36:25,25.9,1,1
9829,2017-05-14,8:41:49,26.1,1,1
9833,2017-05-14,8:47:16,26,1,1
9837,2017-05-14,8:52:36,26,1,1
9841,2017-05-14,8:58:27,26.1,1,1
9845,2017-05-14,9:03:45,26.1,0,1
9849,2017-05-14,9:09:03,25.8,0,1
9853,2017-05-14,9:14:21,25.7,1,1
9857,2017-05-14,9:19:39,nan,0,1
9861,2017-05-14,9:25:07,25.7,0,1
9865,2017-05-14,9:30:36,25.8,0,1
9869,2017-05-14,9:36:07,25.8,1,1
9873,2017-05-14,9:41:29,nan,0,1
9877,2017-05-14,9:46:48,25.8,1,1
9881,2017-05-14,9:52:09,nan,1,1
9885,2017-05-14,9:57:29,26,0,1
9889,2017-05-14,10:02:51,25.9,1,1
9893,2017-05-14,10:08:09,26.2,0,1
9897,2017-05-14,10:13:33,24.6,1,1
9901,2017-05-14,10:18:56,27.1,1,1
9905,2017-05-14,10:24:21,26.5,1,1
9909,2017-05-14,10:29:45,26.3,1,1
9913,2017-05-14,10:35:03,26.4,1,1
9917,2017-05-14,10:40:25,26.9,1,1
9921,2017-05-14,10:45:46,27.7,1,1
9925,2017-05-14,10:51:07,26.6,1,1
9929,2017-05-14,10:56:28,26.6,1,1
9933,2017-05-14,11:12:51,26.8,1,1
9937,2017-05-14,11:18:41,26.8,1,1
9941,2017-05-14,1:17:01,nan,1,1
9945,2017-05-14,1:48:50,28,1,1
9949,2017-05-14,1:54:13,27.9,1,1
9953,2017-05-14,1:59:34,27.9,1,1
9957,2017-05-14,2:04:55,nan,1,1
9961,2017-05-14,2:10:16,nan,1,1
9965,2017-05-14,2:15:38,27.8,1,1
9969,2017-05-14,2:20:58,27.8,1,1
9973,2017-05-14,2:26:19,27.8,1,1
9977,2017-05-14,2:31:40,27.8,1,1
9981,2017-05-14,2:37:00,27.8,1,1
9985,2017-05-14,2:42:20,27.8,1,1
9989,2017-05-14,2:47:40,27.9,1,1
9993,2017-05-14,2:53:01,27.9,1,1
9997,2017-05-14,2:58:21,27.9,1,1
10001,2017-05-14,3:03:40,nan,1,1
10005,2017-05-14,3:09:23,27.9,1,1
10009,2017-05-14,3:14:43,nan,1,1
10013,2017-05-14,3:20:05,27.9,1,1
10017,2017-05-14,3:25:26,27.9,1,1
10020,2017-05-14,3:30:53,27.9,1,1
10024,2017-05-14,3:36:16,27.9,1,1
10028,2017-05-14,3:41:42,28,1,1
10030,2017-05-14,3:47:07,28,1,1
10034,2017-05-14,3:58:53,28,1,1
10038,2017-05-14,4:04:46,28,1,1
10042,2017-05-14,4:10:10,28,1,1
10046,2017-05-14,4:15:30,28,1,1
10050,2017-05-14,4:20:51,28.1,1,1
10054,2017-05-14,4:26:12,27.7,1,1
10058,2017-05-14,4:32:00,27.6,1,1
10061,2017-05-14,4:37:30,27.6,1,1
10065,2017-05-14,4:42:56,27.7,1,1
10069,2017-05-14,4:48:17,27.8,1,1
10073,2017-05-15,9:02:53,nan,1,1
10077,2017-05-15,9:08:11,26.5,1,1
10081,2017-05-15,9:13:31,26.6,1,1
10085,2017-05-15,9:18:50,26.6,1,1
10089,2017-05-15,9:24:07,26.7,1,1
10093,2017-05-15,9:29:26,26.7,1,1
10097,2017-05-15,9:34:45,26.7,1,1
10101,2017-05-15,9:40:04,26.8,1,1
10105,2017-05-15,9:45:24,26.8,1,1
10109,2017-05-15,9:50:43,26.9,1,1
10113,2017-05-15,9:56:01,26.9,1,1
10117,2017-05-15,10:01:22,26.9,1,1
10121,2017-05-15,10:06:46,nan,1,1
10125,2017-05-15,10:12:08,27,1,1
10128,2017-05-15,10:18:07,27,1,1
10132,2017-05-15,10:23:28,27,1,1
10136,2017-05-15,10:28:47,27,1,1
10140,2017-05-15,10:34:06,27.1,1,1
10143,2017-05-15,10:39:28,27.2,1,1
10147,2017-05-15,10:44:55,27.2,1,1
10151,2017-05-15,10:50:14,27.3,1,1
10155,2017-05-15,10:55:34,27.3,1,1
10159,2017-05-15,11:01:14,27.4,1,1
10162,2017-05-15,11:06:48,27.4,1,1
10166,2017-05-15,11:17:54,27.6,1,1
10170,2017-05-15,11:23:16,27.7,0,1