2346,4,on,off
26,905,96.2,44,1
26.7,905,98,40,1
26.7,927,97.8,34,1
26.8,946,87.9,35,1
26.9,952,86.7,37,1
27,960,86.4,40,1
27,968,86.4,40,1
27,974,85.1,40,1
27.1,989,83.4,38,1
27,989,80.4,35,1
27,992,83.2,30,1
27,994,82.3,26,1
27,993,82.5,22,1
26.9,998,82.6,20,1
26.8,1002,82.6,20,1
26.8,1002,82.3,18,1
26.6,1000,83.6,17,1
26.7,1003,85.2,17,1
26.7,1000,85.1,17,1
26.6,998,86.5,16,1
0,1003,0,16,1
26.7,997,87.6,17,1
26.7,1001,87.6,16,1
26.7,1006,88.4,15,1
26.7,1011,88.2,14,1
26.6,1011,85.8,14,1
26.3,941,88.1,15,1
0,937,0,14,1
26.7,934,94.8,13,1
26.8,936,95.7,12,1
26.8,939,95.8,12,1
26.8,938,96.9,11,1
26.8,942,98.1,10,1
26.9,944,98.6,10,1
26.9,942,99.3,7,1
26.9,940,99.9,6,1
26.9,944,99.9,7,1
26.9,941,99.9,6,1
26.8,941,99.9,6,1
26.8,945,99.9,6,1
26.8,941,99.9,5,1
26.8,943,99.9,5,1
0,941,0,5,1
26.8,934,99.9,5,1
26.8,938,99.9,4,1
26.8,932,99.9,4,1
26.8,931,99.9,9,1
26.8,931,99.9,9,1
26.8,927,99.9,9,1
26.8,931,99.9,10,1
26.8,933,99.9,10,1
26.8,938,99.9,10,1
26.7,938,99.9,10,1
25.6,1008,90.6,11,0
25.5,970,99.9,10,0
26,940,99.9,10,1
26.1,940,99.9,10,1
26.1,939,99.9,10,1
0,964,0,5,1
0,952,0,4,1
0,932,0,3,1
25.8,931,99.9,3,0
25.8,931,99.9,3,0
25.6,934,99.9,3,0
25.6,937,99.9,3,0
25.6,940,99.9,3,0
25.5,938,99.9,4,0
25.5,940,99.9,4,0
25.5,937,99.9,12,0
25.5,928,99.9,17,0
25.5,928,99.9,17,0
0,928,0,17,1
24.8,986,93.9,36,0
25.5,941,99.9,45,0
0,938,0,61,1
25.8,940,99.9,63,0
25.9,940,99.9,64,0
25.9,945,99.9,62,0
26.1,945,99.9,62,1
26.2,944,99.9,58,1
26.2,940,99.9,57,1
26.3,946,99.9,58,1
0,953,0,59,1
26.3,953,99.9,57,1
26.2,952,99.9,56,1
26.3,945,99.9,55,1
26.3,946,99.9,54,1
26.3,946,99.9,53,1
26.4,948,99.9,53,1
26.2,955,99.9,50,1
26.4,950,99.9,50,1
0,951,0,50,1
26.4,952,99.9,48,1
26.5,950,99.9,46,1
26.5,951,99.9,45,1
26.5,1004,92.2,37,1
0,1014,0,32,1
26.3,1021,90.6,30,1
26.3,1024,90.9,24,1
26.3,953,99.9,10,1
26.3,954,99.9,10,1
26.1,974,99.9,10,1
26.1,966,99.9,10,1
26.1,966,99.9,10,1
28.3,962,99.9,10,1
26.1,958,99.9,10,1
26.1,960,99.9,10,1
26.1,964,99.9,10,1
0,956,0,10,1
26.2,958,99.9,10,1
26.2,958,99.9,10,1
26.2,960,99.9,10,1
26.2,958,99.9,10,1
20.8,957,99.9,10,0
26.2,956,99.9,9,1
26.2,962,99.9,9,1
26.3,964,99.9,9,1
26.3,962,99.9,9,1
26.2,963,99.9,9,1
0,964,0,10,1
26.2,962,99.9,10,1
0,956,0,10,1
25.7,961,99.9,10,0
0,960,0,10,1
22.4,956,99.9,10,0
26.2,963,99.9,10,1
26.1,961,99.9,10,1
26.1,954,99.9,10,1
26.1,953,99.9,10,1
26.1,955,99.9,10,1
26.1,955,99.9,10,1
26.1,951,99.9,3,1
0,952,0,5,1
0,953,0,5,1
26.1,945,99.9,4,1
26.1,945,99.9,4,1
26.1,942,99.9,5,1
26.1,951,99.9,3,1
26.1,950,99.9,3,1
26,948,99.9,3,1
26,952,99.9,3,1
26,945,99.9,3,1
26,946,99.9,3,1
26,951,99.9,3,1
26,941,99.9,3,1
26,945,99.9,3,1
25.9,941,99.9,3,0
26,948,99.9,3,1
25.8,938,99.9,3,0
25.7,940,99.9,37,0
25.4,952,99.9,32,0
25.3,942,99.9,104,0
25.4,945,99.9,95,0
25.4,987,99.9,87,0
25.6,990,99.9,76,0
25.8,989,99.9,79,0
25.9,986,99.9,10,0
25.6,895,93.7,8,0
26,903,99.9,5,1
26.1,904,99.9,6,1
26,914,99.9,5,1
0,915,0,5,1
0,913,0,5,1
26.1,921,99.9,10,1
26.2,925,99.9,10,1
26.3,915,99.9,10,1
26.3,930,99.9,10,1
26.2,922,99.9,10,1
26.2,925,99.9,10,1
26.2,926,99.9,10,1
26.2,927,99.9,10,1
0,938,0,10,1
26.2,934,99.9,10,1
26.1,938,99.9,10,1
26.1,934,99.9,10,1
26.1,936,99.9,10,1
26.1,938,99.9,10,1
26.1,937,99.9,10,1
26.1,943,99.9,11,1
26.1,940,99.9,11,1
26.1,950,99.9,10,1
26.1,942,99.9,10,1
26.1,934,99.9,10,1
26.1,941,99.9,10,1
26.1,952,99.9,10,1
26.1,950,99.9,10,1
26.1,954,99.9,10,1
26.1,955,99.9,10,1
0,972,0,10,1
26.1,980,99.9,10,1
26.1,942,99.9,10,1
26.1,937,99.9,10,1
26.1,941,99.9,10,1
26.1,943,99.9,10,1
26.1,943,99.9,45,1
24,931,95.8,46,0
24,946,95.6,68,0
24.2,943,99.9,60,0
25.7,942,99.9,57,0
25.8,955,97.1,53,0
25.9,949,99.9,36,0
26.4,933,99.9,37,1
26.5,944,99.9,30,1
26.7,944,99.9,35,1
26.7,946,99.9,33,1
0,960,0,30,1
26.9,945,95.1,31,1
27,961,95.9,28,1
27.1,953,95.4,15,1
27.1,975,97.8,15,1
27.1,981,99.6,10,1
26.7,930,99.9,10,1
26.5,979,99.9,10,1
26.4,974,99.9,10,1
26.4,985,99.9,10,1
0,989,0,10,1
26.4,948,99.9,10,1
25.9,952,99.9,10,0
26.3,942,99.9,10,1
26.6,938,99.9,10,1
26.7,940,99.9,10,1
0,945,0,10,1
26.8,953,99.9,10,1
26.9,952,99.9,10,1
26.9,963,99.9,10,1
27,960,99.9,10,1
27,957,99.9,10,1
26.9,974,99.9,10,1
26.9,965,99.9,10,1
27,965,99.9,10,1
27,976,99.9,4,1
26.8,970,99.9,4,1
0,985,99.9,4,1
25.9,919,0,4,0
25.5,958,99.9,4,0
25.1,960,99.9,4,0
25,918,99.9,4,0
24.9,931,99.9,16,0
24.8,949,99.9,22,0
24.8,955,99.9,79,0
0,973,99.9,45,1
25.6,989,0,36,0
26,897,97.7,26,1
26.4,952,96.4,20,1
26.9,986,99.2,5,1
26.7,989,94.6,9,1
26.5,986,99.9,9,1
26.5,915,99.9,9,1
26.5,915,99.9,9,1
25.8,921,99.9,9,0
25.5,968,85.5,9,0
25.8,974,86.5,9,0
25.4,957,95.6,9,0
26,996,94.5,9,1
25.9,969,99.9,4,0
0,938,99.9,4,1
0,952,0,4,1
25.5,969,0,4,0
25.5,988,99.9,4,0
25.5,974,99.9,4,0
25.3,987,99.9,4,0
25.3,898,99.9,4,0
0,905,99.9,4,1
0,951,0,3,1
25,989,0,3,0
25,990,99.9,4,0
0,991,99.9,24,1
24.6,936,0,29,0
24.5,991,99.9,37,0
26.2,980,99.9,32,1
26.6,972,95.6,31,1
26.7,960,94.6,29,1
27,898,94.1,26,1
27.3,904,94.5,23,1
27.5,913,90.3,21,1
27.4,915,91.4,16,1
27.4,913,94.4,15,1
27.4,912,97,14,1
27.4,913,97.2,11,1
27.3,912,97.1,13,1
27,913,95.9,9,1
26.8,933,98.2,10,1
26.7,927,99.9,10,1
26.7,926,99.9,10,1
26.7,926,99.9,10,1
0,919,99.9,10,1
26.6,893,0,10,1
26.6,927,99.9,9,1
26.6,927,99.9,9,1
26.5,922,99.9,9,1
0,921,99.9,4,1
26.2,920,0,3,1
25.9,914,99.9,4,0
25.9,920,99.9,4,0
0,916,99.9,3,1
25.5,917,0,3,0
0,925,99.9,3,1
25,926,0,3,0
24.9,932,99.9,12,0
24.6,932,99.9,17,0
24.5,938,99.9,20,0
24.5,938,99.9,28,0
24.6,937,99.9,81,0
24.6,937,99.9,96,0
24.8,937,99.9,85,0
24.8,926,99.9,81,0
24.9,927,99.9,80,0
24.9,928,99.9,34,0
25.8,937,99.9,34,0
0,919,94.3,32,1
26,925,0,32,1
0,921,97.1,29,1
0,922,0,31,1
26,924,0,30,1
26.1,924,97.8,30,1
26.1,924,96.9,30,1
26.2,924,97.2,30,1
26.2,921,97,30,1
26.2,924,96.9,30,1
26.4,921,97,29,1
26.4,919,96.6,29,1
26.4,920,97.1,27,1
26.4,920,97.1,28,1
26.4,924,96.8,28,1
26.5,925,95.8,27,1
26.5,925,96,27,1
0,925,95.3,9,1
26.9,922,0,9,1
0,906,99.9,10,1
26.9,903,0,10,1
26.8,903,99.9,10,1
26.8,904,99.9,10,1
26.8,903,99.9,10,1
26.7,904,99.9,9,1
26.6,904,99.9,4,1
26.3,904,99.9,3,1
26.1,905,96.6,40,1
24.7,908,99.9,46,0
24.8,888,99.9,50,0
24.9,893,99.9,55,0
24.9,896,99.9,55,0
24.9,897,99.9,55,0
25,902,99.9,55,0
24.9,898,99.9,54,0
25,904,99.9,55,0
25,905,99.9,60,0
25,905,99.9,59,0
25,905,99.9,63,0
25,906,99.9,62,0
25,906,99.9,61,0
25.1,906,99.9,56,0
25.1,903,99.9,53,0
0,905,99.9,50,1
25.2,903,0,45,0
0,1024,99.9,40,1
0,1024,0,40,1
25.1,1024,0,38,0
25.1,1024,87.1,34,0
25.2,1024,86.2,35,0
25.3,1024,84.9,48,0
26.1,903,86.8,41,1
25.1,916,87.3,39,0
25,918,99.9,38,0
0,913,99.9,37,1
25.1,913,0,35,0
25.1,913,99.9,35,0
25.2,914,99.9,40,0
25.3,913,99.9,44,0
25.3,916,99.9,45,0
0,921,99.9,45,1
25.5,924,0,45,0
25.5,922,99.9,44,0
25.6,916,99.9,44,0
25.6,916,99.9,42,0
25.6,918,99.9,40,0
25.5,918,99.9,41,0
25.7,917,99.9,40,0
25.8,918,99.9,40,0
25.8,922,99.9,40,0
25.9,916,99.9,39,0
25.9,916,99.9,38,0
26,916,99.9,38,1
26,920,99.9,37,1
26.1,920,99.9,36,1
0,916,99.9,37,1
26.1,915,0,38,1
26.2,915,99.9,37,1
0,915,99.9,39,1
0,916,0,36,1
26.3,920,0,39,1
26.3,915,99.9,39,1
26.3,915,99.9,38,1
26.4,915,99.9,38,1
26.4,914,99.9,37,1
26.4,918,99.7,36,1
26.5,919,99.9,35,1
26.5,914,99.9,35,1
26.5,918,99.9,35,1
26.5,917,99.1,35,1
26.6,913,99.8,34,1
26.6,912,99.4,33,1
26.6,912,99.6,31,1
26.6,912,99.9,29,1
0,912,99.9,26,1
26.7,909,0,25,1
26.7,907,99.9,24,1
26.8,912,98.2,23,1
26.8,917,99.9,23,1
0,919,99.9,20,1
26.8,913,0,19,1
0,916,99.9,18,1
0,916,0,18,1
26.7,912,0,15,1
26.6,915,99.9,17,1
26.6,885,90.7,17,1
26.7,914,90,16,1
26.7,915,97.8,16,1
26.7,916,99.9,15,1
26.7,917,99.9,15,1
26.6,918,99.9,15,1
26.6,913,99.9,15,1
26.6,919,99.9,14,1
26.6,917,99.9,14,1
0,920,99.9,13,1
26.6,916,0,13,1
26.6,921,99.9,12,1
26.6,916,99.9,10,1
26.7,914,99.9,10,1
26.7,916,99.9,8,1
0,912,99.9,8,1
26.6,909,0,8,1
26.6,908,99.9,9,1
26.5,906,99.9,8,1
0,907,99.9,9,1
26.5,904,0,9,1
26.5,906,99.9,9,1
26.4,912,99.9,9,1
26.4,907,99.9,9,1
26.4,903,99.9,9,1
26.4,907,99.9,9,1
26.4,906,99.9,9,1
26.4,912,99.9,9,1
0,906,99.9,9,1
26.4,903,0,9,1
26.4,905,99.9,8,1
26.3,912,99.9,8,1
26.3,904,99.9,8,1
0,913,99.9,8,1
26.3,905,0,8,1
0,904,99.9,8,1
26.3,908,0,8,1
26.2,910,99.9,8,1
26.3,907,99.9,8,1
26.3,910,99.9,9,1
0,912,99.9,8,1
26.3,910,0,8,1
26.2,909,99.9,8,1
26.2,906,99.9,8,1
26.2,908,99.9,4,1
0,914,99.9,4,1
26.1,907,0,4,1
26.1,908,99.9,4,1
25.9,908,99.9,4,0
25.9,908,99.9,4,0
25.9,908,99.9,4,0
25.8,912,99.9,4,0
25.7,913,99.9,4,0
25.6,914,99.9,4,0
25.5,915,99.9,4,0
0,914,99.9,27,1
25.2,914,0,44,0
25,916,99.9,48,0
25,917,99.9,55,0
25,922,99.9,87,0
25.1,922,99.9,92,0
25.1,921,99.9,96,0
25.1,921,99.9,96,0
25.1,921,99.9,94,0
25.2,924,99.9,94,0
25.2,921,99.9,91,0
25.3,922,99.9,91,0
25.3,920,99.9,89,0
25.3,918,99.9,90,0
25.3,921,99.9,86,0
25.3,919,99.9,84,0
25.3,922,99.9,61,0
25.3,924,99.9,58,0
25.6,916,99.9,55,0
25.6,920,99.9,54,0
25.7,918,99.9,53,0
25.7,919,99.9,53,0
25.7,921,99.9,53,0
25.7,921,99.9,53,0
25.8,921,99.9,53,0
25.8,920,99.9,50,0
25.8,918,99.9,50,0
25.8,919,99.9,49,0
25.9,918,99.9,48,0
25.9,917,99.9,47,0
25.9,915,99.9,45,0
25.9,915,99.9,45,0
26,916,99.9,43,1
26,915,99.9,42,1
26,915,99.9,41,1
26.1,916,99.9,40,1
26.1,915,99.9,40,1
26.1,918,99.9,40,1
26.1,918,99.9,40,1
26.1,918,99.7,40,1
26.2,918,99.5,39,1
26.2,920,98.2,39,1
26.2,921,98.4,38,1
26.3,919,98,36,1
26.3,919,98.9,36,1
26.4,919,99,35,1
26.4,921,97.6,35,1
26.4,918,97.1,35,1
26.4,920,98,35,1
26.5,919,98.3,34,1
26.6,917,97.8,31,1
26.6,921,97.1,35,1
26.6,918,97,34,1
26.6,917,96.8,34,1
26.7,919,97.4,35,1
26.7,918,97.4,35,1
26.8,919,97.5,35,1
26.8,921,97.1,34,1
26.8,917,95.9,33,1
26.8,918,96.4,35,1
26.8,918,96.2,35,1
26.8,917,96.5,36,1
26.9,918,96.4,37,1
26.9,918,96.2,36,1
26.9,919,96,34,1
27,921,96.3,35,1
27,922,95.5,33,1
27.1,922,94.3,33,1
27.2,922,92.9,35,1
27.2,924,92,33,1
27.2,921,92.4,31,1
27.2,922,91.8,30,1
27.2,921,92.5,31,1
27.2,922,93.1,31,1
27.3,925,93.1,30,1
27.3,925,93.9,31,1
27.3,925,93.6,30,1
27.3,926,93.5,30,1
27.3,925,92.8,30,1
27.3,925,93.9,27,1
27.3,927,93.7,26,1
27.4,927,95.2,25,1
27.4,926,95.1,27,1
27.4,929,94.9,26,1
27.4,926,94.3,26,1
27.4,926,95.9,26,1
27.4,926,95.2,25,1
27.4,927,95.2,25,1
27.4,927,95.1,25,1
27.5,927,95.5,23,1
27.5,927,94.4,23,1
27.5,928,91.8,23,1
27.4,927,96.1,22,1
27.4,927,92.7,17,1
27.4,926,93.5,17,1
27.4,927,93.3,15,1
27.4,926,95.9,13,1
27.4,925,96.9,11,1
27.4,924,97.1,10,1
27.4,920,96.9,10,1
27.4,921,97.4,8,1
27.4,921,99.2,7,1
27.4,920,99.5,6,1
27.3,919,99.9,5,1
27.3,918,99.9,10,1
27.3,919,98.3,10,1
27.3,918,99.8,9,1
27.2,916,99.9,9,1
27.2,916,98.8,9,1
27.2,917,99.9,9,1
27.2,916,99.9,9,1
27.2,916,99.1,9,1
27.2,917,98.9,8,1
27.2,916,98.8,9,1
27.2,916,98.9,9,1
27.2,916,99.1,8,1
27.2,914,99.5,8,1
27.2,915,99.5,8,1
27.1,915,99.7,8,1
0,908,99.9,10,1
27,912,0,10,1
27.1,913,99.9,9,1
27,914,99.9,9,1
26.9,914,99.7,9,1
26.9,914,98.2,10,1
26.9,915,99.3,10,1
26.9,916,95.3,9,1
26.9,909,99.9,9,1
26.9,915,99.9,9,1
26.9,915,99.9,9,1
26.9,915,99.9,9,1
26.9,914,99.9,9,1
26.9,913,99.9,10,1
26.9,916,99.9,9,1
26.8,913,97.9,9,1
0,908,99.9,10,1
26.8,908,0,9,1
26.8,915,99.9,9,1
26.8,915,99.9,10,1
26.8,914,99.9,9,1
26.8,914,99.9,9,1
26.8,916,99.9,9,1
26.8,916,99.9,9,1
26.8,916,99.9,9,1
26.8,916,99.9,9,1
26.8,914,99.9,8,1
26.8,914,99.9,8,1
26.8,914,99.9,8,1
26.8,915,99.9,5,1
26.8,916,99.9,5,1
26.8,916,99.9,5,1
26.7,915,99.9,5,1
26.7,917,99.9,5,1
26.7,915,99.9,5,1
26.7,917,99.9,5,1
26.7,917,99.9,5,1
26.7,917,99.9,5,1
26.6,919,99.9,5,1
26.6,917,99.9,5,1
26.6,919,99.9,5,1
26.6,918,99.9,5,1
26.6,915,99.9,5,1
0,917,0,5,1
26.6,917,99.9,5,1
26.5,924,99.9,30,1
25.3,930,99.9,32,0
25.2,934,99.9,44,0
25.2,934,99.9,85,0
25.3,934,99.9,75,0
25.3,934,99.9,76,0
25.3,932,99.9,75,0
25.3,933,99.9,75,0
25.3,931,99.9,92,0
0,932,0,90,1
25.4,934,99.9,89,0
25.4,934,99.9,87,0
25.5,936,99.9,83,0
25.5,936,99.9,79,0
25.5,934,99.8,75,0
25.5,932,99.4,72,0
0,934,0,68,1
25.6,938,99.7,65,0
25.6,938,99.5,62,0
25.6,939,98.7,60,0
25.6,938,98.2,56,0
25.6,939,97.7,54,0
25.6,940,97.1,51,0
25.7,941,99.9,35,0
25.8,937,99.9,31,0
0,940,0,31,1
27,942,94.5,30,1
27,944,95,30,1
26.9,944,94.4,30,1
26.9,942,93.5,30,1
26.9,943,94.4,30,1
26.9,943,95.3,30,1
27,942,95.4,30,1
27,942,92.5,29,1
27,941,94,28,1
27.1,942,93.6,29,1
27.1,937,95.6,25,1
27.3,936,96,24,1
27.4,934,95.2,24,1
27.4,937,96.6,24,1
27.4,938,96.1,23,1
27.3,936,96.3,23,1
27.3,936,96.2,20,1
27.3,940,96.8,23,1
27.3,940,95.8,20,1
27.4,943,89,20,1
27.4,943,88.6,20,1
27.5,941,90.1,18,1
27.5,941,91.4,15,1
27.5,941,93.2,15,1
27.5,942,92.6,13,1
27.5,940,94.9,10,1
27.4,941,93.6,9,1
27.3,940,95.1,8,1
27.2,939,92.4,7,1
27.1,940,93,6,1
27,937,94.1,5,1
27,938,94.9,10,1
27,936,95.8,9,1
27,936,95.1,9,1
26.9,931,93.3,9,1
26.9,934,93.3,8,1
26.9,932,94.7,8,1
0,932,0,8,1
26.8,934,94.4,8,1
0,933,0,9,1
26.8,932,92.5,10,1
26.7,928,92.8,9,1
0,926,0,10,1
26.6,927,97,9,1
26.7,931,96.5,9,1
26.4,937,92.6,9,1
26.4,934,92.6,9,1
26.4,934,94.5,9,1
26.4,934,94.1,10,1
26.4,933,96.5,10,1
26.4,933,95.1,9,1
26.5,933,96.9,9,1
26.5,933,95.9,9,1
26.5,933,96.5,9,1
26.5,934,94.8,9,1
26.5,932,95.2,10,1
26.5,932,96.6,9,1
26.5,931,95.9,9,1
26.4,934,95.9,9,1
26.5,932,96.8,9,1
26.4,932,95.4,9,1
26.4,936,96.3,9,1
26.4,933,95.8,9,1
26.4,931,95.8,9,1
26.4,933,96,9,1
26.3,934,96.3,9,1
26.3,936,94.6,8,1
26.3,937,96,41,1
24.7,944,98.5,43,0
24.7,945,98.3,45,0
24.7,945,97.5,107,0
24.9,943,99.9,106,0
25,942,99.9,106,0
25,942,98.2,100,0
25,942,97.3,97,0
25,943,99.2,95,0
25,944,98.6,95,0
25.1,942,96.4,90,0
25.1,941,97.3,32,0
0,943,0,31,1
26.2,941,98.9,32,1
26.2,943,98.4,31,1
0,945,0,31,1
26.2,949,93.4,31,1
26.3,945,95.1,30,1
26.3,946,96.1,30,1
26.4,938,97.5,29,1
26.3,930,96.9,28,1
26.4,930,97.3,29,1
26.5,931,97.1,29,1
26.4,934,96.8,29,1
26.4,938,95.6,30,1
26.4,933,96.4,29,1
26.5,930,92,30,1
26.5,948,94.3,30,1
26.5,948,95.3,28,1
26.6,930,95.8,9,1
26.5,932,95.2,9,1
0,928,0,5,1
26.6,932,98,9,1
26.6,932,99.9,9,1
26.5,931,99.6,9,1
26.6,928,98.1,9,1
26.6,929,99.9,9,1
26.6,928,98.2,9,1
0,928,0,9,1
26.4,926,93.2,10,1
26.4,928,98.9,9,1
26.4,926,98.9,9,1
26.5,929,97.3,9,1
26.4,932,95.7,9,1
26.4,930,96.9,10,1
26.4,929,95.6,9,1
26.4,929,97,9,1
26.4,928,97.8,9,1
26.3,932,97.2,10,1
26.4,933,98.9,9,1
26.4,928,99.2,10,1
0,932,0,10,1
26.3,932,96.4,9,1
26.3,933,96,10,1
26.4,934,98.1,9,1
26.4,934,99,9,1
26.4,933,99.5,9,1
26.4,937,99.9,9,1
26.4,936,98.4,9,1
0,936,0,10,1
26.3,934,98.1,9,1
0,936,0,9,1
26.4,934,99.9,8,1
0,934,0,8,1
26.3,933,99.9,8,1
26.3,934,99.1,8,1
26.4,934,99.9,8,1
26.4,936,99.8,8,1
26.4,934,99.9,8,1
26.4,928,99.9,8,1
26.3,934,99.7,8,1
26.3,936,99.6,8,1
0,932,0,9,1
26.3,932,99.5,9,1
0,933,0,9,1
26.2,933,99.9,9,1
26.3,933,99.9,9,1
0,938,0,9,1
26.3,930,99.9,9,1
26.2,938,99.9,5,1
26.2,933,99.9,37,1
24.7,928,99.9,38,0
24.8,931,99.9,35,0
24.8,933,99.9,41,0
24.7,931,99.9,43,0
25.4,930,99.9,84,0
24.8,932,99.9,74,0
24.8,937,99.9,70,0
25.1,938,99.9,67,0
25.2,938,99.9,65,0
25.2,933,99.9,62,0
25.3,936,99.9,59,0
25.3,933,99.9,54,0
25.4,931,99.9,50,0
25.4,936,99.9,50,0
25.4,936,99.9,48,0
25.4,932,99.9,49,0
25.5,936,99.9,48,0
25.5,938,99.9,48,0
25.5,940,99.9,47,0
25.5,938,99.9,46,0
25.5,938,99.9,45,0
25.6,934,99.9,35,0
26.4,930,93.7,31,1
25.9,928,92.9,30,0
26.8,927,94.2,30,1
0,928,0,30,1
26.9,928,94.8,29,1
26.9,927,95.7,28,1
26.9,928,95.6,29,1
27,931,97.2,29,1
27,930,95.8,26,1
0,933,0,28,1
27.1,932,96.7,28,1
27.1,932,96.8,28,1
0,932,0,27,1
27.1,932,95.9,26,1
27.1,929,97.7,26,1
27.2,933,97.4,27,1
27.2,932,98.2,27,1
27.1,933,98,27,1
27.1,934,97.6,25,1
27.1,932,98.2,24,1
27.2,932,98.2,24,1
27.2,932,95.7,25,1
27.2,931,97.5,25,1
0,926,0,22,1
27.2,926,99.4,21,1
27.3,927,99,21,1
0,928,0,21,1
27.3,932,98.8,21,1
27.3,928,98.7,22,1
27.3,927,98.8,23,1
27.3,922,99.6,21,1
27.3,919,99.9,15,1
27.3,921,99.9,15,1
27.3,925,99.9,12,1
27.3,919,99.9,10,1
26.8,920,99.9,9,1
26.7,920,99.9,9,1
26.7,921,99.9,9,1
26.7,926,99.9,9,1
26.7,928,99.9,9,1
26.7,927,99.5,9,1
26.6,925,99.9,9,1
26.6,932,99.9,9,1
26.6,930,99.9,9,1
26.6,928,99.6,9,1
26.7,927,99.9,9,1
26.7,927,99.9,8,1
26.6,928,99.9,9,1
26.6,931,99.9,9,1
26.6,931,99.9,9,1
26.6,931,99.9,9,1
0,927,0,9,1
26.6,928,99.9,9,1
26.6,926,99.7,9,1
26.6,928,99.8,9,1
26.4,929,97.9,9,1
26.4,931,99.1,9,1
26.4,925,99.9,9,1
26.4,930,99.9,9,1
26.4,926,99.9,9,1
26.5,927,99.9,9,1
26.5,929,99.9,9,1
26.5,932,99.9,9,1
26.4,927,99.9,54612,1
26.4,931,99.9,54612,1
26.4,932,99.9,54612,1
26.4,925,99.9,54612,1
0,926,0,54612,1
26.4,927,99.9,54612,1
26.3,928,99.9,54612,1
25.1,928,99.9,54612,0
25,930,98.8,54612,0
24.9,929,99.9,54612,0
25,927,99.9,54612,0
0,927,0,54612,1
0,924,0,54612,1
25.2,925,99.9,54612,0
25.2,927,99.9,54612,0
25.2,933,99.9,54612,0
25.2,932,99.9,54612,0
25.2,932,99.9,54612,0
25.3,930,99.9,54612,0
25.3,932,99.9,54612,0
25.3,931,99.8,54612,0
25.4,933,99.6,54612,0
26.9,930,87.4,54612,1
27.6,932,93.2,54612,1
27.8,924,93.2,54612,1
27.8,925,93.4,54612,1
27.9,921,93.4,54612,1
27.9,924,94.1,54612,1
27.9,925,94.8,54612,1
27.9,926,95.7,54612,1
27.9,925,94.8,54612,1
27.9,926,93.3,54612,1
27.9,928,93.9,54612,1
27.7,928,99.9,54612,1
27.4,918,99.1,54612,1
27.2,920,95.4,54612,1
27.1,922,99.9,54612,1
27.1,922,99.9,54612,1
27.1,928,98.7,54612,1
27,928,96.5,54612,1
27,927,97.9,54612,1
27,928,98.8,54612,1
27,929,95.4,54612,1
27,930,96.3,54612,1
27,930,98.7,54612,1
0,931,0,54612,1
27,929,99.8,54612,1
27,926,99.9,54612,1
27,929,97.6,54612,1
27,930,96,54612,1
27,927,98,54612,1
27,927,98.2,54612,1
27,927,99.9,54612,1
27,927,99.2,54612,1
27,926,98.2,54612,1
27,929,99.9,54612,1
0,926,0,54612,1
27,928,99.9,54612,1
27,927,99.9,54612,1
27,928,99.9,54612,1
27,926,98.7,54612,1
27,926,99.9,54612,1
27,927,99.8,54612,1
27,929,99.4,54612,1
27,929,99.9,54612,1
27,926,99.9,54612,1
27,926,99.9,54612,1
26.9,926,99.7,54612,1
26.9,926,99.9,54612,1
25.6,927,99.9,54612,0
25.6,927,99.9,54612,0
25.6,933,99.9,54612,0
25.6,936,99.9,54612,0
0,937,0,54612,1
25.7,924,99.9,54612,0
25.8,930,99.9,54612,0
25.8,927,98.7,54612,0
25.8,931,99.6,54612,0
0,932,0,54612,1
25.8,927,98.5,54612,0
25.8,933,96.7,54612,0
25.8,934,98.8,54612,0
25.9,932,98.6,54612,0
25.9,934,99.9,54612,0
25.9,936,99.9,54612,0
26,933,99.9,54612,1
26,936,98.4,54612,1
0,934,0,54612,1
26.1,934,99.9,54612,1
26.1,936,97.5,54612,1
26.1,938,99.9,54612,1
26.1,937,97.7,54612,1
26.1,934,97.8,54612,1
26.2,938,99.8,54612,1
26.2,938,99.9,54612,1
26.2,937,99.9,54612,1
26.2,936,99.2,54612,1
26.3,936,99.9,54612,1
26.3,931,99.9,54612,1
26.3,934,99.7,54612,1
26.4,937,99.8,54612,1
0,936,0,54612,1
26.4,938,99.9,54612,1
26.4,937,98.7,54612,1
26.4,938,99.9,54612,1
26.5,933,99.5,54612,1
26.8,936,98.8,54612,1
26.9,926,99.9,54612,1
26.9,927,99.9,54612,1
26.9,926,99.8,54612,1
0,926,0,54612,1
27,925,99.3,54612,1
27,926,99.3,54612,1
27.1,927,99,54612,1
27.2,931,98.6,54612,1
27.2,932,98.7,54612,1
27.2,933,99.6,54612,1
27.2,932,97.5,54612,1
27.2,932,98.6,54612,1
27.2,932,97.4,54612,1
27.2,932,98.1,54612,1
27.2,933,97.1,54612,1
27.3,934,96.5,54612,1
27.3,932,95.3,54612,1
27.3,933,96.1,54612,1
0,932,0,54612,1
27.4,936,97.5,54612,1
27.4,934,97,54612,1
27.4,930,98.9,54612,1
27.4,932,99.4,54612,1
27.5,931,99.1,54612,1
27.5,928,99.7,54612,1
27.5,927,98.9,54612,1
27.5,931,99.5,54612,1
27.6,929,99.6,54612,1
27.6,931,99.1,54612,1
27.6,931,98.9,54612,1
27.6,931,98.8,54612,1
27.6,932,97.6,54612,1
27.6,931,98.1,54612,1
27.7,930,97.5,54612,1
27.7,932,97.1,54612,1
27.7,932,97.8,54612,1
0,933,0,54612,1
27.5,929,99.9,54612,1
27.4,926,98.3,54612,1
27.5,924,99.9,54612,1
27.5,922,99.9,54612,1
27.5,926,99.9,54612,1
0,928,0,54612,1
27.5,924,99.9,54612,1
27.5,928,99.9,54612,1
0,918,0,5,1
27.4,898,99.9,9,1
0,914,0,5,1
27.3,917,99.9,5,1
27.3,916,99.9,5,1
27.3,919,99.9,5,1
27.2,924,99.9,5,1
27.2,922,99.9,5,1
25.8,919,99.9,5,0
25.8,892,99.9,13,0
25.8,907,99.9,15,0
25.8,919,99.9,22,0
25.8,918,99.9,30,0
26.7,927,99.9,50,1
26.8,936,99.9,48,1
26.7,933,99.9,47,1
26.8,933,99.9,46,1
26.8,930,99.9,45,1
26.8,936,99.9,45,1
26.8,936,99.9,45,1
26.9,934,99.9,44,1
26.9,930,99.9,43,1
26.9,933,99.9,42,1
27,937,99.9,40,1
27,936,99.9,40,1
27.3,940,99.9,35,1
27.4,908,99.9,36,1
28,931,96.7,29,1
28,934,98.4,27,1
0,938,0,26,1
28,938,98.3,25,1
28.1,940,98.2,21,1
28.1,936,99.9,20,1
28.1,928,99.9,20,1
28.1,928,99.2,21,1
28.1,937,99.2,21,1
27.8,918,99.9,9,1
27.7,917,99.9,9,1
27.7,910,99.9,9,1
27.7,918,99.5,9,1
27.6,921,99.9,9,1
27.6,921,99.9,9,1
27.6,919,99.9,9,1
27.6,927,98.3,9,1
27.4,921,98.4,9,1
27.4,922,98.3,9,1
27.4,924,0,9,1
0,917,99.9,9,1
27.4,914,99.9,9,1
27.5,921,99.9,9,1
27.4,913,99.9,9,1
27.4,914,0,7,1
0,916,96.9,5,1
27.4,918,99.9,9,1
27.4,921,99.9,5,1
27.4,922,99.9,5,1
27.4,922,99.9,4,1
27.4,921,99.7,3,1
27.3,915,99.9,3,1
27.3,916,99.9,4,1
26.2,916,99.9,5,1
26,916,99.5,20,1
26,916,98.7,22,1
26,915,99.7,34,1
26,914,99.9,50,1
26,916,99.9,57,1
26,916,99.3,66,1
26,924,99.9,86,1
26.2,921,99.9,106,1
26.3,918,99.9,106,1
26.3,920,99.9,104,1
26.4,919,99.9,101,1
26.4,920,99.1,99,1
26.4,919,95.1,98,1
26.5,921,99.1,95,1
26.5,921,98.8,95,1
26.5,921,98.3,89,1
26.6,924,99.6,85,1
26.6,921,99.2,82,1
26.6,905,99.5,80,1
26.7,924,96.8,78,1
26.7,926,97.3,78,1
26.7,922,97.4,53,1
26.8,925,94.6,67,1
26.8,922,96.6,71,1
26.8,924,96.1,66,1
26.8,924,95.9,45,1
26.8,924,94.9,45,1
26.8,917,96.5,46,1
26.8,927,96.4,70,1
26.8,917,98.6,70,1
26.9,927,96.8,49,1
26.9,925,97.9,44,1
26.9,924,95.3,65,1
26.9,927,96.5,68,1
27,925,99.9,65,1
27.1,921,92.8,64,1
28.5,926,93,40,1
28.6,925,94.4,39,1
28.6,926,92.9,40,1
28.5,924,92.8,38,1
28.6,929,93.4,37,1
28.7,925,91.3,36,1
28.7,930,91.5,35,1
28.8,930,95.7,34,1
28.7,927,96,30,1
28.7,924,96.8,30,1
28.7,924,98.2,29,1
28.7,917,98.6,28,1
28.7,922,99.6,26,1
28.7,913,99.3,24,1
28.7,918,98.8,26,1
28.6,918,99.6,30,1
28.6,916,99.6,31,1
28.6,916,99.3,32,1
28.6,916,99.2,31,1
28.6,924,94.9,33,1
28.6,916,97.3,35,1
28.5,925,99.1,9,1
28.1,931,98.1,9,1
28,932,93.8,9,1
28,932,96.7,9,1
28,930,95.7,9,1
27.9,937,94.8,9,1
27.9,934,94.6,9,1
27.9,933,90.7,9,1
27.9,937,95,9,1
27.8,937,94.4,9,1
27.8,940,95.2,9,1
27.8,945,90.9,9,1
27.7,946,90.2,9,1
27.7,949,93.3,9,1
27.7,944,93.2,9,1
27.7,949,91.1,9,1
27.7,951,91.2,9,1
27.7,946,89.6,9,1
27.6,950,93.6,9,1
27.6,946,95.1,9,1
27.6,945,94.2,9,1
27.7,943,94.8,9,1
27.7,952,90.6,9,1
27.6,944,92.7,9,1
27.6,939,0,9,1
0,963,99.9,50,1
26.6,965,99.9,57,1
26.6,965,99.9,74,1
26.6,969,99.9,82,1
26.6,967,99.9,91,1
26.7,965,99.9,91,1
26.8,961,99.9,90,1
26.8,965,99.9,90,1
26.8,964,99.9,91,1
26.8,965,99.9,90,1
26.8,952,99.7,88,1
26.9,955,99.2,85,1
26.9,957,99.6,85,1
27,972,99.4,84,1
27,974,98.9,81,1
27,972,98.7,79,1
27.1,980,97.9,75,1
27.1,980,99.4,72,1
27.1,986,99.1,71,1
27.2,985,98.7,69,1
27.2,985,97.2,69,1
27.2,969,97.4,65,1
27.2,988,97.8,64,1
27.4,986,98.6,55,1
27.5,987,99.3,56,1
27.5,989,98.8,55,1
27.5,988,98.7,55,1
27.5,996,99.9,57,1
27.9,976,99.9,44,1
28,989,99.9,45,1
28,986,99.9,41,1
28,993,99.9,33,1
28,990,99.9,43,1
28.1,989,99.9,40,1
28,997,99.9,38,1
28.1,999,94.5,39,1
28.1,1000,96.4,30,1
28.1,1001,0,37,1
0,999,97.7,35,1
28.1,999,98.6,27,1
28.1,1001,96.9,26,1
28.1,1003,97.2,26,1
28.1,991,98.4,25,1
28.1,1002,98.2,22,1
28.1,1004,99.9,25,1
27.9,1000,99.9,9,1
27.9,1000,99.9,9,1
27.9,1002,99.9,9,1
27.8,1005,97,9,1
27.8,997,97.1,9,1
27.7,1006,99.2,9,1
27.7,1009,0,9,1
0,1009,99.9,9,1
27.7,1008,0,9,1
0,1011,99.4,9,1
27.7,1010,99.7,9,1
27.7,1012,98.9,9,1
27.6,1011,99.6,9,1
27.6,1013,97.2,9,1
27.6,1014,99.4,9,1
27.6,1009,99.6,9,1
27.5,1014,99.9,9,1
27.6,1014,98.6,9,1
27.5,1016,97.6,9,1
27.5,1014,99.1,9,1
27.5,1016,98.9,9,1
27.5,1016,99,9,1
27.5,1016,0,9,1
0,1013,99.9,9,1
27.5,1009,99.9,9,1
26,1024,99.9,37,1
26,1024,99.9,42,1
26,1024,0,57,1
0,1024,99.9,72,1
26,1024,99.9,91,1
26,1024,99.9,105,1
0,1024,0,108,1
26.2,1024,96.7,106,1
26.3,1024,99.9,101,1
26.3,1024,99.8,98,1
26.3,1024,99.1,95,1
26.3,1024,98.4,92,1
26.4,1024,99.9,87,1
26.4,1024,99.7,84,1
26.5,1024,99.1,80,1
26.5,1024,99.4,75,1
26.5,1024,99.7,73,1
26.6,1024,99.4,70,1
26.6,1024,98.8,67,1
26.6,1024,98.3,64,1
26.6,1024,94.5,60,1
26.7,1024,97.4,57,1
27.8,1024,97.8,26,1
27.8,1024,98,35,1
27.8,1024,96.8,35,1
27.7,1024,97.2,27,1
27.7,1024,93.2,31,1
27.9,1024,99.9,21,1
28,1023,99.9,23,1
28,1024,99.9,18,1
0,1024,0,17,1
0,1024,0,20,1
28,1024,99.9,24,1
28,1024,99.9,19,1
28,1024,99.9,15,1
28,1024,99.9,15,1
27.9,1024,99.4,17,1
27.9,1024,99.9,16,1
0,1024,0,21,1
27.9,1024,99.9,24,1
28,1024,99.9,5,1
28.1,1024,99.9,4,1
27.8,1024,97.5,9,1
27.7,1024,95.6,9,1
27.4,1023,96.2,9,1
27.4,1024,97.2,9,1
27.4,1024,97.1,9,1
27.5,1024,97,9,1
27.4,1024,95.6,9,1
27.4,1024,96.7,9,1
27.4,1024,94.5,9,1
27.3,1024,96.3,9,1
27.4,1024,98.2,9,1
27.4,1024,98.6,9,1
27.5,1024,98.4,9,1
27.5,1024,97.4,9,1
27.4,1024,97,9,1
27.4,1024,96.2,9,1
27.4,1024,97.4,9,1
27.4,1024,97.3,9,1
27.4,1024,98.3,9,1
27.4,1024,96.8,9,1
0,1024,0,9,1
27.3,1024,96.9,9,1
27.3,1024,95.4,9,1
27.3,1024,97.1,8,1
27.3,1024,99.6,4,1
27.3,1024,99.9,3,1
27.3,1024,99.9,3,1
27.2,1024,99.9,4,1
27.2,1024,99.9,4,1
27.1,1024,99.9,4,1
26.9,1024,99.9,4,1
26.9,1024,99.9,3,1
26.8,1024,99.9,4,1
26.8,1024,99.9,4,1
26.7,1024,99.9,4,1
26.7,1024,99.9,4,1
26.7,1024,99.9,4,1
26.6,1024,99.9,4,1
0,1024,0,4,1
26.6,1024,99.9,4,1
0,1024,0,4,1
26.5,1024,99.9,4,1
26.3,1024,99.9,5,1
26.2,1024,99.9,5,1
26.2,1024,99.9,20,1
26.1,1024,99.7,30,1
26.3,1024,99.9,50,1
26.3,1024,99.9,71,1
26.3,1024,99.9,84,1
26.3,1024,99.9,92,1
26.3,1024,99.9,96,1
26.3,1024,99.9,97,1
26.3,1024,99.9,99,1
26.3,1024,99.9,100,1
26.4,1024,99.5,98,1
26.4,1024,98.5,100,1
26.4,1024,99.9,99,1
26.4,1024,99.9,99,1
26.5,1024,99.9,96,1
26.5,1024,99.9,97,1
26.5,1024,99.9,94,1
26.6,1024,99.9,95,1
26.6,1024,99.9,90,1
26.7,1024,99.9,85,1
26.7,1024,99.9,81,1
26.8,1024,99.9,79,1
27.7,1024,99.9,32,1
27.8,962,95.5,33,1
28.1,966,93.8,25,1
28.2,968,92.7,33,1
28.3,972,93.4,32,1
28.3,973,92.4,32,1
28.4,974,92.2,28,1
28.4,975,91.8,28,1
28.5,974,91.6,32,1
28.5,982,92.2,30,1
28.7,982,91.6,27,1
28.8,977,91.3,32,1
0,980,0,25,1
0,980,0,30,1
28.7,979,90.4,30,1
28.7,981,91.2,30,1
28.7,981,90.5,31,1
28.7,986,91,34,1
28.7,975,94.4,20,1
28.4,972,95.6,7,1
0,980,0,8,1
28.2,979,99.9,8,1
28.1,985,99.9,8,1
28.1,980,99.2,8,1
28,982,99.9,8,1
0,980,0,8,1
27.9,989,97.5,8,1
27.9,992,97.8,8,1
27.9,992,99.9,8,1
27.9,991,98.2,8,1
27.9,989,99.1,8,1
27.9,990,99.9,8,1
0,996,0,8,1
27.8,980,99.9,7,1
27.4,988,99.9,2,1
27.4,987,99.9,2,1
26.6,996,99.9,4,1
26.6,994,99.9,8,1
25.9,1006,99,40,0
25.5,1015,99.3,70,0
25.5,1020,98.9,104,0
25.6,1018,99.9,120,0
0,1017,99.9,132,1
25.6,1017,0,135,0
25.7,1017,99.9,137,0
0,1018,99.5,134,1
0,1017,0,129,1
26,1016,0,137,1
26,1015,99.9,134,1
26.1,1015,99.9,129,1
26.1,1015,99.1,130,1
28.5,1012,97.2,128,1
28.5,1011,89.3,64,1
28.6,1018,89.2,61,1
28.6,1021,89.3,58,1
28.6,1023,87.9,58,1
28.6,1024,87.9,59,1
28.6,1022,89.2,54,1
28.7,1024,87.1,55,1
28.7,1024,88.3,55,1
28.7,1024,87.7,56,1
28.7,1024,86.2,55,1
28.8,1024,87.6,50,1
28.8,1024,87.4,48,1
28.8,1024,88.4,53,1
28.8,1024,87,55,1
0,1020,91.8,55,1
28.9,1024,0,55,1
28.9,1024,85.5,50,1
28.9,1024,85.9,43,1
29.2,1024,86.7,39,1
28.9,1024,89.7,40,1
28.9,1024,90.9,36,1
28.9,1024,88.8,39,1
28.9,1024,86.7,39,1
28.2,1023,89.9,29,1
28,1018,99.9,7,1
27.9,1020,99.9,5,1
27.9,1020,99.9,7,1
0,1024,99.9,8,1
27.7,1024,0,8,1
0,1024,99.6,8,1
0,1024,0,7,1
27.6,1024,0,2,1
27.5,1024,98.3,2,1
27.4,1024,98,2,1
27.4,1024,98.4,2,1
27.4,1024,98.2,2,1
27.4,1024,98,2,1
27.3,1024,98.1,2,1
27.3,1024,97.2,2,1
27.3,1024,98.6,2,1
27.3,1024,97.2,2,1
27.3,1024,97.5,2,1
27.2,1024,97.7,2,1
27.2,1024,97.3,2,1
27.2,1024,98.4,2,1
0,1024,98.3,2,1
27.1,1024,0,2,1
0,1024,98.2,2,1
27.1,1024,0,2,1
0,1024,98.8,2,1
27.1,1024,0,2,1
27,1024,98.9,2,1
0,1024,97.8,2,1
27,1024,0,2,1
27,1024,97.6,2,1
26.9,1024,98.1,2,1
26.9,1024,97.8,2,1
26.8,1024,98.4,2,1
26.7,1024,97.7,2,1
26.6,1024,97.3,2,1
26.2,1024,97.9,2,1
26,1024,97.2,1,1
25.4,1024,98.6,18,0
25.4,1024,98.1,53,0
25.5,1024,99.9,59,0
25.5,1024,99.9,44,0
25.5,1024,99.9,43,0
25.5,1024,99.9,73,0
25.6,1024,99.9,83,0
25.6,1024,99.9,47,0
25.5,1024,98.2,110,0
25.6,1024,99.9,122,0
25.7,1024,99.9,127,0
25.8,1024,99.9,131,0
25.9,1024,99.8,130,0
26,1024,99.8,130,1
26,1024,99.9,134,1
26.1,1024,97.2,135,1
26.1,1024,98.4,135,1
26.1,1024,94,132,1
26.2,1024,92.3,114,1
0,1024,96.5,108,1
26.4,1024,0,95,1
26.4,1024,98.3,84,1
26.5,1024,98.2,75,1
26.5,1024,98.9,75,1
26.6,1024,98.2,75,1
26.6,1024,98.4,63,1
26.7,1024,97.8,71,1
26.7,1024,97.9,70,1
26.8,1024,98.4,70,1
26.7,1024,96.8,73,1
26.8,1024,96.4,78,1
26.8,1024,96.8,78,1
26.9,1024,93.7,77,1
27,1024,91.7,74,1
27,1024,93.9,76,1
27.1,1024,93.3,78,1
0,1024,93.2,60,1
27.2,1024,0,64,1
27.3,1024,90.6,48,1
0,1024,92.6,72,1
27.4,1024,0,53,1
0,1024,91.4,45,1
0,1024,0,46,1
27.3,1024,0,46,1
27.3,1024,91.8,42,1
27.3,1024,91.7,46,1
27.3,1024,92.8,44,1
27.3,1024,91.8,46,1
0,1024,92.6,64,1
0,1018,0,65,1
27.5,1017,0,53,1
27.6,1021,91.4,66,1
0,1021,90.7,63,1
27.7,1021,0,53,1
27.7,1021,91,45,1
27.8,1021,87.7,60,1
27.8,1017,90.1,61,1
27.9,1017,90.8,66,1
27.9,1018,89.6,55,1
27.9,1018,89.7,61,1
28,1013,87.3,47,1
28,1017,89.1,50,1
28,1016,87.7,63,1
28,1016,87.1,55,1
28,1015,89.5,50,1
28,1015,84.2,45,1
28,1016,87.5,53,1
28,1014,87.4,58,1
28.1,1013,87,50,1
28.1,1014,86.9,54,1
28.1,1014,86.3,54,1
28.2,1013,87.6,47,1
0,1012,83.4,45,1
28.2,1012,0,40,1
28.2,1011,80.1,41,1
28.3,1012,79.9,45,1
28.3,1013,81.8,45,1
28.3,1009,81.4,41,1
28.3,1008,79.5,40,1
28.3,1013,82.5,42,1
28.3,1009,82.7,43,1
28.4,1006,81.6,49,1
28.4,1009,82.3,45,1
28.3,1008,83.4,45,1
28.5,1009,80,44,1
28.4,1006,83.3,41,1
28.4,1003,84.4,41,1
28.5,1005,86.2,36,1
28.5,1004,87.2,32,1
28.5,1003,86.7,31,1
28.5,1003,82.5,31,1
28.3,1006,80.7,27,1
28.4,999,80.2,14,1
28.3,1000,82.8,12,1
0,1000,82.3,11,1
27.9,1000,0,7,1
28,993,96.2,8,1
0,997,98.1,8,1
27.9,993,0,7,1
27.9,994,95.6,8,1
27.9,994,96.8,8,1
27.9,994,93.9,7,1
27.8,991,96.1,7,1
27.8,992,96.4,22,1
27.8,993,95.3,7,1
27.8,992,96.1,7,1
27.8,992,96,7,1
0,988,97.2,7,1
0,990,0,7,1
27.7,988,0,7,1
27.7,988,93,8,1
27.7,989,93.6,8,1
27.6,988,95.3,8,1
27.7,987,94.6,8,1
27.7,987,94.9,8,1
27.7,988,96.4,8,1
27.6,987,95.7,8,1
27.6,985,95.2,8,1
27.6,987,94.9,7,1
27.6,985,96.2,7,1
27.6,986,95.7,7,1
27.6,987,95.7,7,1
27.6,987,95.2,8,1
27.6,985,96.9,8,1
27.6,986,94.3,8,1
0,986,94.5,8,1
27.6,986,0,8,1
27.6,986,95.4,8,1
27.6,985,94.5,7,1
27.6,982,95.7,8,1
27.6,982,95.2,7,1
27.6,986,95.8,8,1
27.5,981,95.8,8,1
27.6,980,97.2,8,1
27.5,981,97.2,7,1
27.5,974,97.5,7,1
27.5,982,96.5,8,1
27.5,981,98.9,7,1
27.4,984,97.7,7,1
27.5,980,97.3,6,1
27.5,976,97,6,1
27.5,976,98,6,1
0,974,97,6,1
26.5,962,0,3,1
26.1,968,99.9,3,1
26.1,970,99.9,62,1
26.2,973,99.9,100,1
26.2,969,99.9,116,1
0,975,99.7,121,1
27.1,972,0,125,1
27.3,968,99.9,39,1
27.2,964,99.9,43,1
27.3,966,99.9,48,1
27.4,968,98.9,30,1
27.4,966,97.9,33,1
27.4,968,97.3,36,1
27.5,968,95.2,34,1
27.5,966,95.1,40,1
27.5,968,97.2,27,1
27.5,967,98,26,1
27.5,967,98.1,30,1
27.4,964,97,29,1
27.4,964,97.4,27,1
27.4,964,98.9,30,1
27.4,963,99.9,30,1
27.3,965,99.9,30,1
27.3,965,99.9,27,1
0,963,99.9,25,1
27.3,964,0,28,1
27.4,963,99.9,28,1
0,962,99.9,35,1
27.5,964,0,29,1
27.5,964,99.9,24,1
27.6,964,98.4,22,1
0,962,99.8,21,1
0,961,0,20,1
27.5,962,0,20,1
27.5,962,99.6,23,1
27.5,963,99.9,21,1
27.4,966,99.9,18,1
27.3,966,99.9,16,1
27.3,964,98.2,15,1
27.3,965,99.4,17,1
27.3,968,99.9,19,1
27.3,966,99.9,19,1
0,953,99.9,20,1
27.3,966,0,30,1
27.3,970,99.9,30,1
27.4,966,99.9,20,1
27.3,965,99.9,20,1
27.4,966,99.9,15,1
27.3,964,99.9,9,1
27.4,966,99.9,7,1
26.9,972,99.9,5,1
26.9,964,99.9,8,1
26.7,966,99.9,8,1
0,964,99.9,8,1
26.7,972,0,8,1
26.7,967,99.9,7,1
26.7,970,99.9,7,1
0,972,99.9,8,1
26.7,970,0,8,1
26.7,973,99.9,8,1
26.7,973,99.9,7,1
26.7,973,99.9,7,1
26.7,973,99.9,7,1
26.7,970,99.9,7,1
26.7,969,99.9,7,1
26.7,969,99.9,7,1
0,970,99.9,7,1
26.7,968,0,7,1
26.7,970,99.9,7,1
26.7,970,99.9,7,1
26.7,972,99.9,7,1
26.7,973,99.9,7,1
26.7,970,99.9,7,1
26.6,968,99.9,7,1
0,966,99.9,7,1
26.6,973,0,7,1
26.7,970,99.9,7,1
26.6,970,99.9,7,1
26.6,945,99.9,7,1
26.7,968,99.9,7,1
26.6,969,99.9,7,1
0,961,99.9,7,1
25.3,968,0,7,0
25.2,954,99.9,5,0
25,953,99.9,17,0
25.1,958,99.9,34,0
26.1,955,99.9,50,1
26.2,960,99.9,47,1
26.2,962,99.9,47,1
26.5,960,99.9,45,1
26.6,962,99.9,33,1
26.5,961,99.9,39,1
26.5,965,99.9,35,1
0,962,98.6,35,1
26.5,960,0,32,1
26.6,964,97.7,32,1
26.7,963,99.9,29,1
26.6,962,99.9,28,1
26.6,962,99.9,28,1
26.6,962,93.9,25,1
0,962,0,25,1
26.7,966,89.5,23,1
26.7,965,94.8,19,1
26.7,954,93.2,21,1
26.7,965,93.2,18,1
26.7,965,91.5,17,1
26.7,961,95.4,16,1
0,961,0,15,1
26.4,962,99.9,15,1
26.1,964,99.9,15,1
26.1,963,99.9,15,1
26.2,933,99.9,15,1
26.1,964,99.9,15,1
26.1,965,99.9,15,1
26.1,963,99.9,15,1
26.1,929,99.9,15,1
26.1,964,99.9,15,1
26.1,964,99.9,15,1
26.1,962,99.9,15,1
26.1,958,99.9,15,1
26.1,964,99.9,15,1
26.1,963,99.9,15,1
26.1,963,99.9,20,1
26.1,964,99.9,20,1
26,934,99.9,20,1
26,964,99.9,20,1
26,948,99.9,19,1
25.9,965,99.9,19,0
25.9,942,99.9,19,0
25.8,966,99.9,19,0
25.8,965,99.9,19,0
25.9,966,99.9,19,0
25.8,924,99.9,19,0
25.9,964,99.9,19,0
25.9,964,99.9,19,0
25.8,917,99.9,19,0
25.8,921,99.9,20,0
25.8,967,99.9,15,0
25.9,964,99.9,15,0
25.8,936,99.9,15,0
25.9,966,99.9,15,0
25.9,933,99.9,15,0
25.9,946,99.9,54612,0
24.9,962,99.9,54612,0
25.5,952,99.9,54612,0
25.5,953,99.9,54612,0
25.5,955,99.9,54612,0
25.5,961,99.9,54612,0
25.6,961,99.9,54612,0
25.6,957,99.9,54612,0
25.7,956,99.9,54612,0
25.7,934,99.9,54612,0
25.7,930,99.9,54612,0
25.8,934,99.9,54612,0
25.7,936,99.1,54612,0
25.8,932,99.9,54612,0
25.8,932,99.9,54612,0
25.8,927,99.9,54612,0
25.8,925,99.9,54612,0
25.8,927,99.9,54612,0
25.8,927,99.9,54612,0
25.9,942,99.9,54612,0
25.9,945,99.9,54612,0
26,952,99.9,54612,1
27.4,955,99.9,54612,1
27.5,962,99.9,54612,1
27.4,957,99.7,54612,1
0,964,0,54612,1
27.6,961,93.2,54612,1
27.5,960,95.5,54612,1
27.5,962,95.1,54612,1
27.4,960,95.8,54612,1
27.4,958,95.6,54612,1
27.4,961,96.1,54612,1
0,961,0,54612,1
27.4,961,95.4,54612,1
27.4,960,97.7,54612,1
27.4,958,98.7,54612,1
27.3,619,97.8,54612,1
27,912,99.9,54612,1
27,928,99.9,7,1
0,933,0,5,1
27,943,99.9,7,1
27,945,99.9,8,1
27,950,99.9,8,1
27,949,99.9,8,1
27,950,99.9,7,1
27,949,99.9,8,1
27,952,99.9,8,1
27,946,99.9,8,1
26.9,954,99.9,8,1
27,951,99.9,8,1
27,955,99.9,8,1
27,954,99.9,8,1
27,957,99.9,8,1
27,951,99.9,8,1
27,960,99.9,8,1
27,961,99.9,8,1
26.9,962,99.9,7,1
26.9,962,99.9,8,1
26.9,960,99.9,7,1
26.9,963,99.9,7,1
26.8,964,99.9,8,1
26.9,965,99.9,7,1
26.8,962,99.9,8,1
26.8,963,99.9,8,1
26.8,938,99.9,7,1
25.8,940,99.9,8,0
26.2,942,99.9,60,1
26.2,946,99.9,62,1
26.3,948,99.9,70,1
26.3,950,99.9,70,1
26.3,950,99.9,67,1
26.4,936,99.9,65,1
26.4,941,99.9,60,1
26.4,955,99.9,55,1
26.8,957,99.9,65,1
26.8,964,99.9,33,1
26.8,949,99.9,34,1
26.8,966,99.5,30,1
26.8,968,99.5,30,1
0,966,0,36,1
26.9,970,97.7,37,1
26.9,965,94,36,1
26.9,965,96.3,37,1
0,968,0,41,1
0,970,0,33,1
27,970,97.2,33,1
27,974,96.1,32,1
27,962,95.6,30,1
27.1,953,95,33,1
27.1,968,95.1,37,1
27.2,970,94.3,43,1
27.3,954,94.9,40,1
27.3,966,95.1,40,1
27.3,966,94.3,40,1
0,967,0,31,1
27.3,967,94.8,37,1
27.4,968,97.9,30,1
27.4,969,95.7,30,1
27.4,972,89.5,32,1
27.4,970,93.2,34,1
27.5,968,92.7,32,1
27.5,970,93.5,32,1
27.5,972,91.6,31,1
27.5,965,91.3,32,1
27.5,948,99.9,34,1
27.5,958,99.9,8,1
27.5,954,99.9,8,1
27.4,960,99.9,7,1
27.4,946,99.9,7,1
27.4,962,99.9,7,1
27.4,963,99.9,7,1
27.5,955,99.9,7,1
27.4,958,99.9,7,1
0,957,0,7,1
27.4,955,99.9,8,1
27.3,958,99.9,7,1
27.4,961,99.9,7,1
27.3,954,99.9,7,1
27.3,961,99.9,7,1
27.3,963,99.9,7,1
27.2,960,99.9,8,1
0,955,0,8,1
27.2,960,99.9,8,1
27.2,957,99.9,8,1
27.2,956,99.9,8,1
0,958,0,7,1
27.2,957,99.9,7,1
27.1,956,99.9,8,1
27.1,957,99.9,8,1
27.1,945,99.9,8,1
0,956,0,8,1
27.1,956,99.9,8,1
27.2,960,99.9,8,1
27.1,956,99.9,8,1
27.1,958,99.9,8,1
27.1,963,99.9,8,1
27.1,956,99.9,8,1
27.1,964,99.9,8,1
27.1,964,99.9,8,1
27.1,964,99.9,8,1
27.1,963,99.9,7,1
27.1,967,99.9,8,1
27.1,956,99.9,8,1
27.1,964,99.9,7,1
27.1,966,99.9,8,1
27.1,965,99.9,8,1
27.1,965,99.9,8,1
27.1,965,99.9,8,1
27.1,966,99.9,7,1
27.1,966,99.9,8,1
27.1,967,99.9,8,1
27.1,968,99.9,7,1
27.1,968,99.9,7,1
27.1,966,99.9,8,1
27.1,966,99.9,8,1
27.1,967,99.9,7,1
27.1,965,99.9,8,1
27.1,964,99.9,8,1
27,964,99.9,7,1
27,942,99.9,7,1
27,964,99.9,7,1
27,964,99.9,7,1
27,956,99.9,7,1
26.9,956,99.9,7,1
26.9,966,99.9,8,1
26,967,99.9,2,1
26,968,99.9,10,1
26,966,99.9,13,1
26,970,99.9,30,1
26,974,99.9,32,1
27,752,99.9,30,1
27.1,850,99.9,32,1
0,885,97.6,36,1
0,906,0,40,1
27.2,910,0,42,1
27.4,950,97.3,34,1
27.5,953,98.9,30,1
27.5,953,98.3,35,1
27.4,953,98.9,34,1
27.4,953,99.1,34,1
0,949,99.9,35,1
27.4,955,0,36,1
27.5,954,99.9,30,1
27.4,953,99.9,25,1
27.4,952,96.6,23,1
27.1,961,99.9,20,1
27.1,960,99.9,10,1
27.1,964,99.9,9,1
27.1,966,99.9,9,1
27.1,964,99.9,8,1
27.1,962,99.9,8,1
27.1,957,99.9,7,1
27.1,952,99.9,7,1
27.1,960,99.9,21,1
27.1,961,99.9,20,1
27.1,954,99.9,20,1
27.1,962,99.9,20,1
27.1,961,99.9,20,1
0,962,99.9,19,1
0,961,0,19,1
27,964,0,7,1
26.8,972,99.9,8,1
26.8,969,99.9,7,1
26.8,973,99.9,7,1
26.8,970,99.9,8,1
26.8,972,99.9,8,1
26.8,970,99.9,7,1
26.8,973,99.9,8,1
26.8,974,99.9,8,1
26.8,974,99.9,8,1
26.8,974,99.9,8,1
26.8,974,99.9,8,1
26.8,972,99.9,8,1
26.8,974,99.9,8,1
26.8,974,99.9,7,1
26.8,974,99.9,7,1
26.7,974,99.9,8,1
26.7,975,99.9,8,1
26.7,975,99.9,8,1
26.7,974,99.9,8,1
26.7,972,99.9,8,1
26.7,974,99.9,7,1
0,975,99.9,7,1
26.7,977,0,8,1
26.7,974,99.9,8,1
26.7,976,99.9,7,1
26.7,974,99.9,7,1
26.7,974,99.9,8,1
26.7,976,99.9,7,1
26.7,976,99.9,7,1
26.7,975,99.9,7,1
26.7,975,99.9,8,1
26.7,975,99.9,7,1
26.7,979,99.9,7,1
0,981,99.9,7,1
26.6,977,0,7,1
26.6,973,99.9,7,1
0,973,99.9,7,1
26.6,969,0,7,1
26.5,973,99.9,7,1
26.5,974,99.9,7,1
0,986,99.9,7,1
25.7,986,0,44,0
25.6,988,99.9,56,0
25.8,988,99.9,63,0
25.8,989,99.9,139,0
0,989,99.9,135,1
25.9,992,0,131,0
26,993,99.9,125,1
26,993,99.9,120,1
26,991,99.9,115,1
26.1,991,99.9,112,1
26.1,992,99.9,106,1
26.2,992,99.9,104,1
26.2,992,99.9,100,1
26.3,992,99.9,97,1
26.3,992,99.9,92,1
26.4,991,95.6,90,1
26.4,996,99.3,95,1
26.5,991,95.6,92,1
26.5,993,99.4,88,1
26.6,982,95.7,90,1
26.7,986,96.7,42,1
26.7,988,96.7,89,1
26.7,988,96.3,85,1
26.8,987,96.5,75,1
26.8,986,95.2,69,1
26.9,985,94.9,65,1
26.9,985,93.6,65,1
26.9,985,95.3,63,1
27,987,94.9,45,1
27,986,95.1,60,1
27,986,95.3,38,1
27,987,95.5,35,1
27,986,95.8,46,1
27,987,96.6,32,1
27,988,95,57,1
27,988,95.6,35,1
27.1,989,93,40,1
25.5,992,99.9,54612,0
25.5,991,99.9,54612,0
25.6,832,99.9,82,0
25.6,924,99.9,93,0
25.7,939,99.9,87,0
25.8,946,99.9,54612,0
25.8,956,99.9,54612,0
25.8,963,99.9,54612,0
25.9,966,99.9,54612,0
0,967,99.9,54612,1
26,972,99.9,54612,1
0,972,99.9,54612,1
26,973,0,54612,1
26,972,99.9,68,1
26.1,972,0,65,1
25.9,975,99.9,61,0
25.8,976,99.9,58,0
25.8,976,99.9,55,0
25.8,990,92.4,53,0
25.8,989,91.3,53,0
25.8,994,91.8,53,0
25.9,997,91.5,53,0
0,999,91.6,53,1
23,1001,90.9,53,0
26.1,1003,91.3,50,1
26.1,1003,0,53,1
26.2,1005,89.1,50,1
26.2,1009,90.1,49,1
26.2,1006,89.4,46,1
26.3,1010,88.5,42,1
26.4,1014,88,39,1
26.4,1014,90.2,36,1
26.4,1017,87.3,41,1
26.5,1018,86.5,43,1
26.6,1018,87.9,40,1
26.5,1020,88.5,40,1
26.6,1021,89,40,1
26.6,1022,88.2,38,1
26.6,1021,88.5,40,1
26.7,1022,89.3,40,1
26.7,1013,92.4,41,1
18.9,1010,94.3,44,0
26.8,1009,95,42,1
26.9,1006,95.6,37,1
27,1011,92.4,35,1
27.2,1009,96.2,36,1
27.3,1008,90.9,39,1
27.5,1008,94.4,38,1
0,1006,92.5,40,1
27.5,1006,92.1,30,1
27.9,1006,91.7,28,1
26.2,1003,0,27,1
27.8,1006,92.5,20,1
27.7,1005,89.9,17,1
27.7,1005,91.4,15,1
27.6,1008,93.1,4,1
26.6,1006,93.7,9,1
26.6,1006,95.6,9,1
26.6,991,96.2,9,1
26.7,991,99.9,10,1
26.8,994,99.9,10,1
26.6,994,99.9,9,1
26.6,994,99.9,9,1
0,998,99.9,9,1
26.6,1001,99.9,9,1
26.6,998,99.9,9,1
26.7,998,0,9,1
26.6,996,99.9,9,1
26.5,998,99.9,9,1
26.5,1004,99.9,9,1
26.5,1000,99.9,9,1
26.5,1003,99.9,9,1
26.5,1002,99.9,9,1
26.5,999,99.9,9,1
26.5,998,99.9,9,1
26.5,1004,99.9,9,1
26.5,1001,99.9,9,1
26.5,1003,99.9,9,1
26.6,1002,99.9,9,1
26.5,1002,99.9,9,1
26.5,1000,99.9,9,1
26.4,1001,99.9,9,1
26.4,1003,99.9,9,1
26.4,1004,99.9,9,1
26.4,1001,99.9,9,1
26.4,1002,99.9,9,1
26.4,1000,99.9,9,1
26.4,1000,99.9,9,1
26.4,1000,99.9,9,1
26.4,1000,99.9,9,1
0,1000,99.9,9,1
26.4,1000,99.9,9,1
26.4,998,99.9,9,1
26.4,1000,0,9,1
26.4,999,99.9,9,1
26.7,1000,99.9,9,1
26.4,1000,99.9,9,1
26.4,1001,99.9,9,1
26.5,1000,99.9,3,1
26.4,1000,99.9,3,1
0,999,99.9,3,1
26.4,1001,99.9,15,1
0,1000,99.9,15,1
26.4,994,0,3,1
26.4,999,99.9,3,1
26.4,998,0,3,1
0,991,99.9,2,1
0,994,99.9,2,1
26.2,997,99.9,2,1
26.2,989,0,2,1
26.1,990,0,65,1
25.8,989,99.9,62,0
0,989,99.9,60,1
26.1,943,99.9,60,1
26.1,957,99.9,58,1
26.2,958,0,56,1
26.3,965,99.9,53,1
26.2,970,99.9,50,1
26.1,982,99.9,55,1
26.1,991,99.9,54,1
25.9,996,94.6,54,0
26.2,996,92.7,53,1
26.5,998,92.2,53,1
26.6,999,91.1,50,1
26.7,999,91.1,53,1
26.8,1001,89,54,1
26.8,1003,89,53,1
26.8,1004,88.9,53,1
26.9,1005,88.5,50,1
27,1005,87.7,44,1
27.1,1003,89.8,45,1
0,1010,87.4,54612,1
0,987,87.8,54612,1
27.2,900,86.9,54612,1
27.2,914,0,0,1
27.2,991,0,0,1
27.3,991,87.5,54612,1
27.3,1001,86.1,54612,1
27.4,1000,86.1,54612,1
27.5,996,90.6,54612,1
27.5,996,92.5,54612,1
27.5,996,89.2,54612,1
27.6,994,91.6,54612,1
27.6,996,92.3,54612,1
0,994,90.1,54612,1
27.7,994,91,54612,1
27.8,994,91.7,54612,1
27.8,993,0,54612,1
27.8,994,91.6,54612,1
27.9,994,89.4,54612,1
27.9,994,90.8,54612,1
28,994,90.5,54612,1
28,994,90.2,54612,1
28,993,91,54612,1
28,992,90.9,54612,1
28.2,993,89.4,54612,1
28.2,992,91.2,54612,1
0,999,87.7,54612,1
27.9,1008,91.2,54612,1
28,1009,84.6,54612,1
28,1011,0,54612,1
0,1014,83,54612,1
28,1014,83.5,54612,1
0,1014,83,54612,1
28.1,1016,0,54612,1
28.1,1016,83.4,54612,1
28.1,1020,0,54612,1
28.1,1017,80.9,54612,1
28.1,1023,82.7,54612,1
0,1024,82.2,54612,1
0,1024,81.1,54612,1
28.3,1013,80.5,54612,1
28.4,1011,0,54612,1
28.4,1009,0,54612,1
28.5,1005,85.6,54612,1
0,1004,85.4,54612,1
28.5,1005,87.1,54612,1
28.5,1003,87.5,54612,1
28.5,1001,0,54612,1
0,1002,88.1,54612,1
28.5,1001,89.1,54612,1
28.5,998,88.9,54612,1
0,1001,0,54612,1
28.5,1000,90.4,54612,1
0,997,90,54612,1
28.5,994,0,54612,1
28.5,996,90.3,54612,1
28.5,997,0,54612,1
27.6,996,90.7,0,1
27.6,991,90.9,6,1
27.6,989,91.5,9,1
0,996,96,54612,1
0,981,95.9,9,1
26.9,988,99.9,9,1
27.2,997,0,9,1
27,998,0,9,1
27.1,998,99.9,9,1
27.1,998,99.9,9,1
27.2,994,99.9,9,1
27.2,998,99.9,10,1
27.2,994,99.9,9,1
27.1,994,99.9,10,1
27,1000,99.9,10,1
26.8,999,99.9,10,1
0,1001,96.2,9,1
26.6,1004,99.9,9,1
26.7,1001,95.5,9,1
26.8,1001,0,9,1
27,999,96.4,9,1
27,1000,99.9,9,1
27,998,99.9,8,1
26.9,999,99.9,8,1
27,1001,99.9,8,1
27,1000,99.9,48,1
25.9,1001,95.3,54612,0
26.1,996,99.9,54612,1
26,996,99.9,54,1
26,1024,99.9,53,1
26.1,1024,99.9,54612,1
26.1,1024,99.9,54612,1
25.8,1024,99.9,54612,0
25.7,1024,99.9,54612,0
0,1024,99.9,54612,1
25.7,1024,92.1,54612,0
25.8,1024,92.1,54612,0
25.8,1024,0,54612,0
0,1024,91.3,54612,1
25.8,1024,90.6,54612,0
0,1024,89.5,54612,1
26,1024,0,54612,1
25.9,1024,89.7,54612,0
26.2,1024,0,54612,1
24.6,1024,89,54612,0
27.1,1024,88,54612,1
26.5,1024,88.4,54612,1
26.3,1024,86.5,54612,1
26.4,1024,88.3,54612,1
26.9,1024,86,54612,1
27.7,1024,87.9,54612,1
26.6,1024,90.9,54612,1
26.6,1024,87.4,54612,1
26.8,1024,91.4,54612,1
26.8,1024,91.8,54612,1
0,1024,92.7,54612,1
28,1024,92.4,54612,1
27.9,1024,84.5,54612,1
27.9,1024,0,54612,1
0,1024,94.8,54612,1
0,1024,94.1,54612,1
27.8,1024,94.1,54612,1
27.8,1024,0,54612,1
27.8,1024,0,54612,1
27.8,1024,95.9,54612,1
27.8,1024,96.2,54612,1
27.8,1024,96.4,54612,1
27.9,1024,97.5,54612,1
27.9,1024,97.2,54612,1
27.9,1024,97.5,54612,1
0,1024,97,54612,1
27.9,1024,97.7,54612,1
0,1024,97.4,54612,1
27.9,1024,0,54612,1
27.9,1024,98.1,54612,1
27.9,1024,0,54612,1
27.9,1024,96.6,54612,1
28,1024,97,54612,1
28,1024,97,54612,1
28,1024,96.8,54612,1
28,1024,97.3,54612,1
28,1024,97.1,54612,1
28,1024,98.2,54612,1
28.1,1024,98.6,54612,1
27.7,1024,98.1,54612,1
27.6,1024,87.1,54612,1
27.6,1024,87.1,54612,1
27.7,1024,86.9,54612,1
27.8,1024,92.1,54612,1
0,1024,92.1,85,1
26.5,1024,0,54612,1
26.6,1024,99.9,54612,1
26.6,1024,99.9,54612,1
26.7,1024,99.9,54612,1
26.7,1024,98.9,54612,1
26.7,1024,98,54612,1
26.8,1024,93.6,54612,1
26.8,1024,91.7,54612,1
26.9,1024,91.5,54612,1
26.9,1024,96.4,54612,1
26.9,1024,96.8,54612,1
0,1024,95.4,54612,1
27,1024,0,54612,1
27,1024,96.2,54612,1
27,1024,97.7,54612,1
27,1024,95.9,54612,1
27.1,1024,96,54612,1
27.2,1024,92,54612,1
27.2,1024,91.9,54612,1
27.3,1024,95.8,54612,1
27.3,1024,96.5,54612,1
27.4,1024,92.7,54612,1
27.4,1024,94,54612,1
27.6,1024,94.1,54612,1
27.7,1024,94.3,54612,1
